{"stats":{"minecraft:crafted":{"minecraft:smooth_stone":3,"minecraft:oak_planks":2324,"minecraft:cooked_chicken":13,"minecraft:furnace":5,"minecraft:blast_furnace":1,"minecraft:stone":3,"minecraft:yellow_bed":3,"minecraft:cooked_mutton":18,"minecraft:flint_and_steel":1,"minecraft:glass":4,"minecraft:iron_boots":1,"minecraft:iron_axe":4,"minecraft:stone_pickaxe":3,"minecraft:chest":1,"minecraft:cooked_beef":4,"minecraft:glass_bottle":3,"minecraft:emerald":64,"minecraft:cooked_porkchop":10,"minecraft:crafting_table":8,"minecraft:wooden_pickaxe":5,"minecraft:iron_helmet":2,"minecraft:bucket":3,"minecraft:stone_axe":5,"minecraft:air":0,"minecraft:iron_chestplate":2,"minecraft:diamond_pickaxe":1,"minecraft:shield":2,"minecraft:stick":3152,"minecraft:iron_ingot":100,"minecraft:iron_pickaxe":5,"minecraft:wooden_axe":1,"minecraft:iron_leggings":2,"minecraft:white_bed":1,"minecraft:acacia_planks":20,"minecraft:torch":132},"minecraft:picked_up":{"minecraft:wooden_axe":2,"minecraft:crafting_table":8,"minecraft:iron_chestplate":3,"minecraft:wheat":4,"minecraft:flower_pot":2,"minecraft:yellow_wool":9,"minecraft:wooden_pickaxe":5,"minecraft:wither_rose":6,"minecraft:brewing_stand":2,"minecraft:shield":3,"minecraft:string":4,"minecraft:raw_copper":10,"minecraft:iron_axe":2,"minecraft:iron_leggings":4,"minecraft:cobbled_deepslate":32,"minecraft:bucket":2,"minecraft:beef":9,"minecraft:poppy":3,"minecraft:iron_pickaxe":3,"minecraft:sugar_cane":41,"minecraft:chest":2,"minecraft:furnace":4,"minecraft:iron_boots":4,"minecraft:egg":12,"minecraft:stick":45,"minecraft:raw_iron":128,"minecraft:stone":10,"minecraft:oak_fence":37,"minecraft:torch":76,"minecraft:acacia_log":20,"minecraft:porkchop":3,"minecraft:pointed_dripstone":19,"minecraft:diorite":20,"minecraft:redstone":4,"minecraft:cauldron":4,"minecraft:arrow":8,"minecraft:rotten_flesh":24,"minecraft:hay_block":19,"minecraft:obsidian":26,"minecraft:mutton":9,"minecraft:rail":2,"minecraft:white_wool":16,"minecraft:cobblestone":206,"minecraft:birch_log":5,"minecraft:water_bucket":1,"minecraft:andesite":6,"minecraft:salmon":1,"minecraft:leather":6,"minecraft:flint":19,"minecraft:oak_log":593,"hallucinatory_plants:datura_leaf":9,"minecraft:yellow_bed":7,"minecraft:gunpowder":4,"minecraft:dirt":73,"minecraft:cooked_mutton":14,"minecraft:bone":4,"minecraft:acacia_planks":3,"minecraft:apple":5,"minecraft:wheat_seeds":107,"minecraft:raw_gold":8,"minecraft:bell":4,"minecraft:iron_ingot":103,"minecraft:stone_pickaxe":1,"minecraft:fletching_table":2,"minecraft:oak_planks":55,"minecraft:acacia_sapling":2,"minecraft:oak_slab":19,"minecraft:cooked_porkchop":4,"minecraft:dandelion":1,"minecraft:dripstone_block":8,"minecraft:gravel":269,"minecraft:sand":8,"minecraft:ink_sac":3,"minecraft:white_bed":9,"minecraft:spider_eye":3,"minecraft:green_carpet":2,"minecraft:diamond":6,"minecraft:stone_axe":2,"minecraft:iron_helmet":3,"minecraft:granite":5,"minecraft:bread":14,"minecraft:oak_sapling":76,"minecraft:melon_seeds":1,"minecraft:coal":224,"minecraft:ender_pearl":1,"minecraft:diamond_pickaxe":1},"minecraft:killed":{"minecraft:spider":5,"minecraft:skeleton":3,"minecraft:pig":1,"minecraft:salmon":1,"minecraft:iron_golem":4,"minecraft:creeper":5,"minecraft:sheep":5,"minecraft:zombie":14,"apollyon:the_damned":1,"minecraft:enderman":1,"minecraft:cow":7},"minecraft:dropped":{"minecraft:iron_ingot":44,"minecraft:bread":14,"minecraft:wheat_seeds":6,"minecraft:dripstone_block":7,"minecraft:coal":7,"minecraft:flint":19,"minecraft:ink_sac":3,"minecraft:iron_leggings":1,"minecraft:iron_pickaxe":1,"minecraft:string":2,"minecraft:bucket":1,"minecraft:gravel":1,"minecraft:cobbled_deepslate":2,"minecraft:raw_copper":10,"minecraft:rotten_flesh":3,"minecraft:gunpowder":2,"minecraft:spider_eye":1,"minecraft:stone_pickaxe":1,"minecraft:wooden_pickaxe":1},"minecraft:broken":{"minecraft:wooden_pickaxe":1,"minecraft:iron_axe":1,"minecraft:stone_axe":3,"minecraft:wooden_axe":2,"minecraft:stone_shovel":1},"minecraft:mined":{"minecraft:white_bed":4,"minecraft:oak_sapling":1,"minecraft:deepslate_diamond_ore":6,"minecraft:brewing_stand":2,"minecraft:obsidian":13,"minecraft:granite":5,"minecraft:acacia_log":15,"minecraft:grass_block":9,"minecraft:hay_block":19,"minecraft:tall_seagrass":2,"minecraft:furnace":4,"minecraft:iron_ore":77,"minecraft:cobbled_deepslate":1,"minecraft:fletching_table":2,"minecraft:bell":2,"minecraft:pointed_dripstone":3,"minecraft:deepslate_iron_ore":46,"minecraft:water_cauldron":4,"minecraft:green_carpet":2,"minecraft:stone":130,"minecraft:white_wool":10,"minecraft:deepslate_redstone_ore":1,"minecraft:oak_slab":19,"minecraft:acacia_leaves":4,"minecraft:lily_of_the_valley":1,"minecraft:melon_stem":1,"minecraft:dandelion":2,"minecraft:oak_fence":37,"minecraft:crafting_table":8,"minecraft:torch":6,"minecraft:poppy":1,"minecraft:chest":2,"minecraft:copper_ore":1,"minecraft:tall_grass":73,"minecraft:cobblestone":11,"minecraft:deepslate_gold_ore":8,"minecraft:oak_planks":29,"minecraft:sugar_cane":20,"minecraft:diorite":16,"minecraft:wall_torch":5,"hallucinatory_plants:datura_plant":4,"minecraft:yellow_wool":9,"minecraft:birch_log":5,"minecraft:wheat":71,"minecraft:birch_leaves":3,"minecraft:yellow_bed":3,"minecraft:wither_rose":1,"minecraft:grass":287,"minecraft:oak_log":485,"minecraft:coal_ore":181,"minecraft:gravel":247,"minecraft:dirt":60,"minecraft:sand":8,"minecraft:flower_pot":2,"minecraft:acacia_planks":1,"minecraft:oak_leaves":81,"minecraft:deepslate":17,"minecraft:fern":2},"minecraft:used":{"minecraft:oak_fence":17,"minecraft:flint_and_steel":1,"minecraft:stone_shovel":263,"minecraft:poppy":3,"minecraft:chest":3,"minecraft:shield":91,"minecraft:bell":4,"minecraft:cooked_chicken":13,"minecraft:rotten_flesh":4,"minecraft:stone_hoe":37,"minecraft:torch":208,"minecraft:brewing_stand":1,"minecraft:dirt":48,"minecraft:mutton":2,"minecraft:acacia_sapling":1,"minecraft:obsidian":10,"minecraft:granite":5,"minecraft:milk_bucket":1,"minecraft:wooden_axe":58,"minecraft:iron_axe":236,"minecraft:iron_helmet":2,"minecraft:melon_seeds":1,"minecraft:oak_sapling":9,"minecraft:furnace":5,"minecraft:egg":12,"minecraft:cooked_beef":3,"minecraft:cobbled_deepslate":18,"minecraft:pointed_dripstone":8,"minecraft:iron_leggings":2,"minecraft:cooked_mutton":18,"minecraft:water_bucket":6,"minecraft:diorite":15,"minecraft:stone_pickaxe":189,"minecraft:glass_bottle":3,"minecraft:oak_planks":166,"minecraft:wooden_pickaxe":90,"minecraft:chainmail_helmet":1,"minecraft:sugar_cane":16,"minecraft:fletching_table":2,"minecraft:white_wool":2,"minecraft:salmon":1,"minecraft:sand":1,"minecraft:oak_slab":19,"minecraft:crafting_table":14,"minecraft:blast_furnace":1,"minecraft:white_bed":8,"minecraft:oak_log":14,"minecraft:flower_pot":2,"minecraft:diamond_pickaxe":14,"minecraft:apple":4,"minecraft:bread":12,"minecraft:iron_pickaxe":348,"hallucinatory_plants:datura_leaf":3,"minecraft:gravel":264,"minecraft:green_carpet":2,"minecraft:stone_axe":530,"minecraft:cobblestone":27,"minecraft:porkchop":3,"minecraft:cooked_porkchop":14,"minecraft:bucket":9,"minecraft:yellow_bed":9,"minecraft:dandelion":1},"minecraft:custom":{"minecraft:mob_kills":48,"minecraft:interact_with_crafting_table":68,"minecraft:bell_ring":118,"minecraft:leave_game":44,"minecraft:time_since_death":12526,"minecraft:climb_one_cm":5500,"minecraft:sprint_one_cm":1140534,"minecraft:walk_one_cm":1613771,"minecraft:damage_blocked_by_shield":2834,"minecraft:drop":60,"minecraft:talked_to_villager":93,"minecraft:play_time":665628,"minecraft:sneak_time":7423,"minecraft:deaths":33,"minecraft:walk_under_water_one_cm":50525,"minecraft:jump":9843,"minecraft:walk_on_water_one_cm":175421,"minecraft:total_world_time":665628,"minecraft:interact_with_furnace":55,"minecraft:traded_with_villager":64,"minecraft:pot_flower":2,"minecraft:sleep_in_bed":26,"minecraft:time_since_rest":6914,"minecraft:damage_taken":29743,"minecraft:damage_dealt":13838,"minecraft:player_kills":2,"minecraft:swim_one_cm":84471,"minecraft:fly_one_cm":1739765,"minecraft:open_chest":216,"minecraft:crouch_one_cm":16245,"minecraft:fall_one_cm":261211},"minecraft:killed_by":{"minecraft:husk":8,"the_silence:the_silence_principal":1,"minecraft:player":5,"minecraft:creeper":2,"minecraft:spider":2,"minecraft:enderman":1,"minecraft:iron_golem":1,"man:managgresive":2,"apollyon:the_damned":1,"minecraft:skeleton":3}},"DataVersion":3465}