{"stats":{"minecraft:used":{"minecraft:poppy":3,"minecraft:chest":3,"minecraft:shield":42,"minecraft:bell":3,"minecraft:rotten_flesh":1,"minecraft:torch":112,"minecraft:dirt":45,"minecraft:acacia_sapling":1,"minecraft:granite":5,"minecraft:wooden_axe":58,"minecraft:iron_axe":129,"minecraft:oak_sapling":8,"minecraft:furnace":4,"minecraft:egg":5,"minecraft:cooked_beef":3,"minecraft:cobbled_deepslate":18,"minecraft:iron_leggings":2,"minecraft:cooked_mutton":9,"minecraft:water_bucket":6,"minecraft:diorite":4,"minecraft:stone_pickaxe":189,"minecraft:oak_planks":155,"minecraft:wooden_pickaxe":90,"minecraft:sugar_cane":16,"minecraft:fletching_table":2,"minecraft:white_wool":1,"minecraft:salmon":1,"minecraft:sand":1,"minecraft:oak_slab":1,"minecraft:crafting_table":13,"minecraft:blast_furnace":1,"minecraft:white_bed":7,"minecraft:oak_log":1,"minecraft:flower_pot":2,"minecraft:diamond_pickaxe":8,"minecraft:apple":4,"minecraft:iron_pickaxe":162,"minecraft:green_carpet":2,"minecraft:stone_axe":529,"minecraft:cobblestone":10,"minecraft:cooked_porkchop":14,"minecraft:bucket":7,"minecraft:yellow_bed":4,"minecraft:dandelion":1},"minecraft:dropped":{"minecraft:wheat_seeds":5,"minecraft:dripstone_block":7,"minecraft:coal":7,"minecraft:iron_leggings":1,"minecraft:string":2,"minecraft:cobbled_deepslate":2,"minecraft:raw_copper":8,"minecraft:rotten_flesh":3,"minecraft:gunpowder":2,"minecraft:spider_eye":1,"minecraft:wooden_pickaxe":1,"minecraft:stone_pickaxe":1},"minecraft:mined":{"minecraft:white_bed":4,"minecraft:oak_sapling":1,"minecraft:deepslate_diamond_ore":6,"minecraft:brewing_stand":1,"minecraft:obsidian":8,"minecraft:granite":5,"minecraft:acacia_log":15,"minecraft:grass_block":6,"minecraft:furnace":4,"minecraft:iron_ore":70,"minecraft:cobbled_deepslate":1,"minecraft:fletching_table":2,"minecraft:bell":2,"minecraft:pointed_dripstone":2,"minecraft:deepslate_iron_ore":12,"minecraft:water_cauldron":4,"minecraft:green_carpet":2,"minecraft:stone":107,"minecraft:white_wool":9,"minecraft:deepslate_redstone_ore":1,"minecraft:oak_slab":18,"minecraft:acacia_leaves":4,"minecraft:lily_of_the_valley":1,"minecraft:dandelion":2,"minecraft:oak_fence":36,"minecraft:crafting_table":8,"minecraft:torch":1,"minecraft:poppy":1,"minecraft:chest":2,"minecraft:tall_grass":43,"minecraft:cobblestone":8,"minecraft:deepslate_gold_ore":3,"minecraft:sugar_cane":17,"minecraft:oak_planks":21,"minecraft:diorite":12,"minecraft:wall_torch":1,"minecraft:yellow_wool":9,"minecraft:birch_log":5,"minecraft:birch_leaves":3,"minecraft:yellow_bed":1,"minecraft:wither_rose":1,"minecraft:grass":138,"minecraft:oak_log":481,"minecraft:coal_ore":90,"minecraft:flower_pot":2,"minecraft:sand":1,"minecraft:dirt":57,"minecraft:acacia_planks":1,"minecraft:oak_leaves":79,"minecraft:deepslate":11},"minecraft:broken":{"minecraft:wooden_pickaxe":1,"minecraft:stone_axe":3,"minecraft:wooden_axe":2},"minecraft:crafted":{"minecraft:smooth_stone":3,"minecraft:oak_planks":252,"minecraft:furnace":4,"minecraft:blast_furnace":1,"minecraft:stone":3,"minecraft:cooked_mutton":16,"minecraft:iron_boots":1,"minecraft:iron_axe":3,"minecraft:stone_pickaxe":3,"minecraft:chest":1,"minecraft:cooked_beef":4,"minecraft:cooked_porkchop":10,"minecraft:crafting_table":7,"minecraft:wooden_pickaxe":5,"minecraft:iron_helmet":2,"minecraft:bucket":2,"minecraft:stone_axe":5,"minecraft:air":0,"minecraft:iron_chestplate":2,"minecraft:diamond_pickaxe":1,"minecraft:shield":2,"minecraft:stick":64,"minecraft:iron_ingot":65,"minecraft:iron_pickaxe":3,"minecraft:wooden_axe":1,"minecraft:iron_leggings":2,"minecraft:white_bed":1,"minecraft:acacia_planks":20,"minecraft:torch":48},"minecraft:killed_by":{"minecraft:husk":7,"the_silence:the_silence_principal":1,"minecraft:player":5,"minecraft:creeper":1,"minecraft:spider":2,"man:managgresive":1,"minecraft:skeleton":2},"minecraft:killed":{"minecraft:spider":5,"minecraft:skeleton":2,"minecraft:salmon":1,"minecraft:iron_golem":1,"minecraft:creeper":5,"minecraft:sheep":3,"minecraft:zombie":11,"minecraft:cow":7,"minecraft:enderman":1},"minecraft:custom":{"minecraft:mob_kills":36,"minecraft:interact_with_crafting_table":52,"minecraft:bell_ring":80,"minecraft:leave_game":32,"minecraft:time_since_death":44735,"minecraft:climb_one_cm":2230,"minecraft:sprint_one_cm":669907,"minecraft:walk_one_cm":979477,"minecraft:damage_blocked_by_shield":1384,"minecraft:drop":34,"minecraft:talked_to_villager":12,"minecraft:play_time":456078,"minecraft:sneak_time":5702,"minecraft:deaths":22,"minecraft:walk_under_water_one_cm":29106,"minecraft:jump":5059,"minecraft:walk_on_water_one_cm":82150,"minecraft:total_world_time":456078,"minecraft:interact_with_furnace":38,"minecraft:pot_flower":2,"minecraft:sleep_in_bed":7,"minecraft:time_since_rest":12575,"minecraft:damage_taken":23417,"minecraft:damage_dealt":7230,"minecraft:player_kills":2,"minecraft:swim_one_cm":23260,"minecraft:fly_one_cm":906380,"minecraft:open_chest":123,"minecraft:crouch_one_cm":12617,"minecraft:fall_one_cm":143360},"minecraft:picked_up":{"minecraft:wooden_axe":2,"minecraft:crafting_table":8,"minecraft:iron_chestplate":2,"minecraft:yellow_wool":9,"minecraft:flower_pot":2,"minecraft:wooden_pickaxe":5,"minecraft:wither_rose":2,"minecraft:brewing_stand":1,"minecraft:shield":2,"minecraft:string":4,"minecraft:raw_copper":8,"minecraft:iron_axe":1,"minecraft:iron_leggings":2,"minecraft:cobbled_deepslate":22,"minecraft:bucket":1,"minecraft:beef":9,"minecraft:poppy":3,"minecraft:iron_pickaxe":1,"minecraft:sugar_cane":31,"minecraft:chest":2,"minecraft:furnace":4,"minecraft:iron_boots":2,"minecraft:egg":5,"minecraft:stick":31,"minecraft:raw_iron":82,"minecraft:stone":5,"minecraft:oak_fence":36,"minecraft:torch":65,"minecraft:acacia_log":20,"minecraft:pointed_dripstone":5,"minecraft:diorite":12,"minecraft:redstone":4,"minecraft:cauldron":4,"minecraft:arrow":6,"minecraft:rotten_flesh":20,"minecraft:obsidian":8,"minecraft:mutton":5,"minecraft:rail":2,"minecraft:white_wool":13,"minecraft:cobblestone":112,"minecraft:birch_log":5,"minecraft:andesite":6,"minecraft:salmon":1,"minecraft:leather":6,"minecraft:oak_log":536,"minecraft:yellow_bed":4,"minecraft:gunpowder":4,"minecraft:dirt":67,"minecraft:cooked_mutton":5,"minecraft:bone":3,"minecraft:acacia_planks":3,"minecraft:apple":5,"minecraft:wheat_seeds":14,"minecraft:raw_gold":3,"minecraft:bell":3,"minecraft:stone_pickaxe":1,"minecraft:iron_ingot":12,"minecraft:fletching_table":2,"minecraft:acacia_sapling":1,"minecraft:oak_planks":42,"minecraft:oak_slab":18,"minecraft:cooked_porkchop":2,"minecraft:dandelion":1,"minecraft:dripstone_block":8,"minecraft:sand":1,"minecraft:white_bed":8,"minecraft:spider_eye":3,"minecraft:green_carpet":2,"minecraft:diamond":6,"minecraft:stone_axe":2,"minecraft:iron_helmet":2,"minecraft:granite":5,"minecraft:oak_sapling":54,"minecraft:coal":120,"minecraft:ender_pearl":1}},"DataVersion":3465}