{"stats":{"minecraft:mined":{"minecraft:white_bed":4,"minecraft:oak_sapling":1,"minecraft:deepslate_diamond_ore":6,"minecraft:brewing_stand":1,"minecraft:acacia_log":15,"minecraft:grass_block":5,"minecraft:furnace":3,"minecraft:iron_ore":34,"minecraft:cobbled_deepslate":1,"minecraft:fletching_table":2,"minecraft:bell":2,"minecraft:water_cauldron":4,"minecraft:deepslate_iron_ore":4,"minecraft:green_carpet":2,"minecraft:stone":73,"minecraft:white_wool":9,"minecraft:deepslate_redstone_ore":1,"minecraft:oak_slab":18,"minecraft:acacia_leaves":4,"minecraft:dandelion":1,"minecraft:oak_fence":36,"minecraft:crafting_table":7,"minecraft:chest":1,"minecraft:tall_grass":40,"minecraft:cobblestone":2,"minecraft:sugar_cane":16,"minecraft:oak_planks":20,"minecraft:wall_torch":1,"minecraft:yellow_wool":9,"minecraft:birch_log":5,"minecraft:birch_leaves":3,"minecraft:yellow_bed":1,"minecraft:grass":121,"minecraft:oak_log":142,"minecraft:coal_ore":68,"minecraft:sand":1,"minecraft:dirt":41,"minecraft:acacia_planks":1,"minecraft:oak_leaves":31,"minecraft:deepslate":2},"minecraft:killed":{"minecraft:spider":4,"minecraft:skeleton":2,"minecraft:salmon":1,"minecraft:iron_golem":1,"minecraft:creeper":5,"minecraft:sheep":3,"minecraft:zombie":6,"minecraft:cow":7,"minecraft:enderman":1},"minecraft:broken":{"minecraft:wooden_pickaxe":1,"minecraft:stone_axe":1,"minecraft:wooden_axe":1},"minecraft:custom":{"minecraft:mob_kills":30,"minecraft:interact_with_crafting_table":31,"minecraft:bell_ring":6,"minecraft:leave_game":15,"minecraft:time_since_death":113284,"minecraft:climb_one_cm":1118,"minecraft:sprint_one_cm":439846,"minecraft:walk_one_cm":515894,"minecraft:damage_blocked_by_shield":155,"minecraft:drop":30,"minecraft:talked_to_villager":1,"minecraft:play_time":251140,"minecraft:deaths":15,"minecraft:sneak_time":1605,"minecraft:walk_under_water_one_cm":25079,"minecraft:jump":3508,"minecraft:walk_on_water_one_cm":68212,"minecraft:total_world_time":251140,"minecraft:interact_with_furnace":15,"minecraft:pot_flower":1,"minecraft:sleep_in_bed":2,"minecraft:time_since_rest":113332,"minecraft:damage_taken":19090,"minecraft:damage_dealt":5482,"minecraft:swim_one_cm":23260,"minecraft:fly_one_cm":681294,"minecraft:player_kills":2,"minecraft:open_chest":59,"minecraft:crouch_one_cm":4094,"minecraft:fall_one_cm":107377},"minecraft:picked_up":{"minecraft:wooden_axe":2,"minecraft:crafting_table":7,"minecraft:yellow_wool":9,"minecraft:wooden_pickaxe":4,"minecraft:brewing_stand":1,"minecraft:shield":1,"minecraft:string":2,"minecraft:raw_copper":8,"minecraft:cobbled_deepslate":5,"minecraft:bucket":1,"minecraft:beef":9,"minecraft:poppy":2,"minecraft:sugar_cane":29,"minecraft:chest":1,"minecraft:egg":1,"minecraft:iron_boots":1,"minecraft:furnace":3,"minecraft:stick":12,"minecraft:raw_iron":38,"minecraft:oak_fence":36,"minecraft:torch":63,"minecraft:acacia_log":20,"minecraft:redstone":4,"minecraft:cauldron":4,"minecraft:arrow":6,"minecraft:rotten_flesh":8,"minecraft:mutton":5,"minecraft:white_wool":13,"minecraft:cobblestone":76,"minecraft:birch_log":5,"minecraft:salmon":1,"minecraft:leather":6,"minecraft:oak_log":169,"minecraft:yellow_bed":4,"minecraft:gunpowder":2,"minecraft:dirt":46,"minecraft:bone":1,"minecraft:acacia_planks":3,"minecraft:apple":3,"minecraft:wheat_seeds":13,"minecraft:bell":3,"minecraft:stone_pickaxe":1,"minecraft:iron_ingot":12,"minecraft:fletching_table":2,"minecraft:acacia_sapling":1,"minecraft:oak_planks":36,"minecraft:oak_slab":18,"minecraft:dandelion":1,"minecraft:dripstone_block":7,"minecraft:sand":1,"minecraft:white_bed":6,"minecraft:green_carpet":2,"minecraft:spider_eye":3,"minecraft:diamond":6,"minecraft:granite":1,"minecraft:oak_sapling":28,"minecraft:coal":98,"minecraft:ender_pearl":1},"minecraft:dropped":{"minecraft:wheat_seeds":4,"minecraft:dripstone_block":7,"minecraft:coal":7,"minecraft:cobbled_deepslate":2,"minecraft:raw_copper":8,"minecraft:rotten_flesh":3,"minecraft:gunpowder":2,"minecraft:spider_eye":1,"minecraft:wooden_pickaxe":1,"minecraft:stone_pickaxe":1},"minecraft:crafted":{"minecraft:oak_planks":224,"minecraft:furnace":3,"minecraft:cooked_mutton":5,"minecraft:iron_axe":1,"minecraft:stone_pickaxe":3,"minecraft:cooked_beef":4,"minecraft:crafting_table":6,"minecraft:wooden_pickaxe":5,"minecraft:iron_helmet":1,"minecraft:bucket":1,"minecraft:stone_axe":3,"minecraft:air":0,"minecraft:iron_chestplate":1,"minecraft:stick":48,"minecraft:iron_pickaxe":1,"minecraft:iron_ingot":26,"minecraft:wooden_axe":1,"minecraft:iron_leggings":1,"minecraft:white_bed":1,"minecraft:acacia_planks":20,"minecraft:torch":36},"minecraft:killed_by":{"minecraft:husk":6,"minecraft:player":2,"minecraft:creeper":1,"minecraft:spider":2,"minecraft:skeleton":2},"minecraft:used":{"minecraft:poppy":2,"minecraft:chest":1,"minecraft:shield":6,"minecraft:bell":3,"minecraft:torch":94,"minecraft:dirt":33,"minecraft:acacia_sapling":1,"minecraft:granite":1,"minecraft:wooden_axe":36,"minecraft:iron_axe":104,"minecraft:oak_sapling":8,"minecraft:furnace":3,"minecraft:egg":1,"minecraft:cooked_beef":3,"minecraft:cobbled_deepslate":3,"minecraft:cooked_mutton":5,"minecraft:water_bucket":4,"minecraft:stone_pickaxe":189,"minecraft:oak_planks":153,"minecraft:wooden_pickaxe":89,"minecraft:fletching_table":2,"minecraft:sugar_cane":14,"minecraft:white_wool":1,"minecraft:salmon":1,"minecraft:sand":1,"minecraft:oak_slab":1,"minecraft:crafting_table":11,"minecraft:white_bed":7,"minecraft:oak_log":1,"minecraft:apple":1,"minecraft:iron_pickaxe":20,"minecraft:green_carpet":2,"minecraft:stone_axe":167,"minecraft:cobblestone":3,"minecraft:cooked_porkchop":12,"minecraft:bucket":5,"minecraft:yellow_bed":4,"minecraft:dandelion":1}},"DataVersion":3465}