{"stats":{"minecraft:used":{"minecraft:poppy":3,"minecraft:chest":3,"minecraft:shield":17,"minecraft:bell":3,"minecraft:rotten_flesh":1,"minecraft:torch":109,"minecraft:dirt":44,"minecraft:acacia_sapling":1,"minecraft:granite":2,"minecraft:wooden_axe":58,"minecraft:iron_axe":125,"minecraft:oak_sapling":8,"minecraft:furnace":3,"minecraft:egg":5,"minecraft:cooked_beef":3,"minecraft:cobbled_deepslate":3,"minecraft:cooked_mutton":5,"minecraft:water_bucket":4,"minecraft:stone_pickaxe":189,"minecraft:oak_planks":155,"minecraft:wooden_pickaxe":90,"minecraft:sugar_cane":16,"minecraft:fletching_table":2,"minecraft:white_wool":1,"minecraft:salmon":1,"minecraft:sand":1,"minecraft:oak_slab":1,"minecraft:crafting_table":11,"minecraft:white_bed":7,"minecraft:oak_log":1,"minecraft:flower_pot":2,"minecraft:apple":4,"minecraft:iron_pickaxe":80,"minecraft:green_carpet":2,"minecraft:stone_axe":529,"minecraft:cobblestone":3,"minecraft:cooked_porkchop":14,"minecraft:bucket":5,"minecraft:yellow_bed":4,"minecraft:dandelion":1},"minecraft:dropped":{"minecraft:wheat_seeds":5,"minecraft:dripstone_block":7,"minecraft:coal":7,"minecraft:cobbled_deepslate":2,"minecraft:raw_copper":8,"minecraft:rotten_flesh":3,"minecraft:gunpowder":2,"minecraft:spider_eye":1,"minecraft:wooden_pickaxe":1,"minecraft:stone_pickaxe":1},"minecraft:mined":{"minecraft:white_bed":4,"minecraft:oak_sapling":1,"minecraft:deepslate_diamond_ore":6,"minecraft:brewing_stand":1,"minecraft:granite":3,"minecraft:acacia_log":15,"minecraft:grass_block":6,"minecraft:furnace":3,"minecraft:iron_ore":56,"minecraft:cobbled_deepslate":1,"minecraft:fletching_table":2,"minecraft:bell":2,"minecraft:water_cauldron":4,"minecraft:deepslate_iron_ore":4,"minecraft:green_carpet":2,"minecraft:stone":92,"minecraft:white_wool":9,"minecraft:deepslate_redstone_ore":1,"minecraft:oak_slab":18,"minecraft:acacia_leaves":4,"minecraft:lily_of_the_valley":1,"minecraft:dandelion":2,"minecraft:oak_fence":36,"minecraft:crafting_table":7,"minecraft:torch":1,"minecraft:poppy":1,"minecraft:chest":2,"minecraft:tall_grass":43,"minecraft:cobblestone":8,"minecraft:sugar_cane":17,"minecraft:oak_planks":21,"minecraft:wall_torch":1,"minecraft:yellow_wool":9,"minecraft:birch_log":5,"minecraft:birch_leaves":3,"minecraft:wither_rose":1,"minecraft:yellow_bed":1,"minecraft:grass":138,"minecraft:oak_log":481,"minecraft:coal_ore":77,"minecraft:flower_pot":2,"minecraft:sand":1,"minecraft:dirt":53,"minecraft:acacia_planks":1,"minecraft:oak_leaves":79,"minecraft:deepslate":2},"minecraft:broken":{"minecraft:wooden_pickaxe":1,"minecraft:stone_axe":3,"minecraft:wooden_axe":2},"minecraft:crafted":{"minecraft:oak_planks":252,"minecraft:furnace":3,"minecraft:cooked_mutton":5,"minecraft:iron_axe":3,"minecraft:stone_pickaxe":3,"minecraft:chest":1,"minecraft:cooked_beef":4,"minecraft:cooked_porkchop":10,"minecraft:crafting_table":6,"minecraft:wooden_pickaxe":5,"minecraft:iron_helmet":1,"minecraft:bucket":1,"minecraft:stone_axe":5,"minecraft:air":0,"minecraft:iron_chestplate":2,"minecraft:shield":2,"minecraft:stick":60,"minecraft:iron_pickaxe":3,"minecraft:iron_ingot":26,"minecraft:wooden_axe":1,"minecraft:iron_leggings":2,"minecraft:white_bed":1,"minecraft:acacia_planks":20,"minecraft:torch":48},"minecraft:killed_by":{"minecraft:husk":7,"the_silence:the_silence_principal":1,"minecraft:player":5,"minecraft:creeper":1,"minecraft:spider":2,"man:managgresive":1,"minecraft:skeleton":2},"minecraft:killed":{"minecraft:spider":5,"minecraft:skeleton":2,"minecraft:salmon":1,"minecraft:iron_golem":1,"minecraft:creeper":5,"minecraft:sheep":3,"minecraft:zombie":10,"minecraft:cow":7,"minecraft:enderman":1},"minecraft:custom":{"minecraft:mob_kills":35,"minecraft:interact_with_crafting_table":40,"minecraft:bell_ring":80,"minecraft:leave_game":31,"minecraft:time_since_death":9026,"minecraft:climb_one_cm":2230,"minecraft:sprint_one_cm":638502,"minecraft:walk_one_cm":822586,"minecraft:damage_blocked_by_shield":665,"minecraft:drop":31,"minecraft:talked_to_villager":6,"minecraft:play_time":420369,"minecraft:deaths":22,"minecraft:sneak_time":5003,"minecraft:walk_under_water_one_cm":28853,"minecraft:jump":4726,"minecraft:walk_on_water_one_cm":71653,"minecraft:total_world_time":420369,"minecraft:interact_with_furnace":21,"minecraft:pot_flower":2,"minecraft:sleep_in_bed":6,"minecraft:time_since_rest":9248,"minecraft:damage_taken":23330,"minecraft:damage_dealt":7099,"minecraft:swim_one_cm":23260,"minecraft:fly_one_cm":896412,"minecraft:player_kills":2,"minecraft:open_chest":114,"minecraft:crouch_one_cm":11138,"minecraft:fall_one_cm":136142},"minecraft:picked_up":{"minecraft:wooden_axe":2,"minecraft:crafting_table":7,"minecraft:iron_chestplate":1,"minecraft:flower_pot":2,"minecraft:yellow_wool":9,"minecraft:wooden_pickaxe":5,"minecraft:wither_rose":2,"minecraft:brewing_stand":1,"minecraft:shield":2,"minecraft:string":4,"minecraft:raw_copper":8,"minecraft:iron_axe":1,"minecraft:iron_leggings":1,"minecraft:cobbled_deepslate":5,"minecraft:bucket":1,"minecraft:beef":9,"minecraft:poppy":3,"minecraft:iron_pickaxe":1,"minecraft:sugar_cane":31,"minecraft:chest":2,"minecraft:egg":5,"minecraft:iron_boots":2,"minecraft:furnace":3,"minecraft:stick":31,"minecraft:raw_iron":60,"minecraft:oak_fence":36,"minecraft:torch":64,"minecraft:acacia_log":20,"minecraft:redstone":4,"minecraft:cauldron":4,"minecraft:arrow":6,"minecraft:rotten_flesh":16,"minecraft:mutton":5,"minecraft:rail":2,"minecraft:white_wool":13,"minecraft:cobblestone":98,"minecraft:birch_log":5,"minecraft:salmon":1,"minecraft:leather":6,"minecraft:oak_log":536,"minecraft:yellow_bed":4,"minecraft:gunpowder":4,"minecraft:dirt":59,"minecraft:bone":3,"minecraft:acacia_planks":3,"minecraft:apple":5,"minecraft:wheat_seeds":14,"minecraft:bell":3,"minecraft:stone_pickaxe":1,"minecraft:iron_ingot":12,"minecraft:fletching_table":2,"minecraft:acacia_sapling":1,"minecraft:oak_planks":42,"minecraft:oak_slab":18,"minecraft:dandelion":1,"minecraft:dripstone_block":7,"minecraft:sand":1,"minecraft:white_bed":8,"minecraft:green_carpet":2,"minecraft:spider_eye":3,"minecraft:diamond":6,"minecraft:stone_axe":1,"minecraft:iron_helmet":1,"minecraft:granite":4,"minecraft:oak_sapling":54,"minecraft:coal":107,"minecraft:ender_pearl":1}},"DataVersion":3465}