{"stats":{"minecraft:crafted":{"minecraft:oak_planks":3872,"minecraft:smooth_stone":3,"minecraft:barrel":3,"minecraft:birch_boat":3,"minecraft:cooked_chicken":13,"minecraft:birch_slab":18,"minecraft:stone":3,"minecraft:lever":1,"minecraft:bookshelf":2,"minecraft:cooked_mutton":18,"minecraft:glass":4,"minecraft:hopper":2,"minecraft:iron_boots":1,"minecraft:chest":5,"minecraft:birch_button":6,"minecraft:glass_bottle":3,"minecraft:oak_slab":6,"minecraft:emerald":301,"minecraft:cooked_porkchop":14,"minecraft:crafting_table":8,"minecraft:wooden_pickaxe":5,"minecraft:iron_helmet":2,"minecraft:birch_planks":1116,"minecraft:lectern":2,"minecraft:diamond_pickaxe":1,"minecraft:iron_chestplate":2,"minecraft:book":6,"minecraft:paper":18,"minecraft:shield":3,"minecraft:stick":9540,"minecraft:iron_ingot":100,"minecraft:iron_pickaxe":6,"minecraft:iron_block":3,"minecraft:shears":1,"minecraft:tripwire_hook":2,"minecraft:furnace":5,"minecraft:blast_furnace":1,"minecraft:yellow_bed":3,"minecraft:flint_and_steel":2,"minecraft:iron_axe":4,"minecraft:stone_pickaxe":3,"minecraft:birch_sign":12,"minecraft:cooked_beef":13,"minecraft:bucket":3,"minecraft:stone_axe":5,"minecraft:enchanted_book":1,"minecraft:air":0,"minecraft:wooden_axe":1,"minecraft:birch_trapdoor":2,"minecraft:iron_leggings":2,"minecraft:white_bed":1,"minecraft:acacia_planks":20,"minecraft:torch":132},"minecraft:picked_up":{"minecraft:wooden_axe":2,"minecraft:iron_chestplate":3,"minecraft:wheat":226,"minecraft:yellow_wool":9,"minecraft:flower_pot":2,"minecraft:lead":2,"minecraft:diamond_sword":1,"minecraft:oak_stairs":3,"minecraft:wither_rose":6,"minecraft:birch_button":1,"minecraft:brewing_stand":2,"minecraft:string":67,"minecraft:raw_copper":10,"minecraft:iron_leggings":4,"minecraft:beetroot":49,"minecraft:diamond_leggings":2,"minecraft:cobbled_deepslate":53,"minecraft:bucket":3,"minecraft:iron_pickaxe":4,"minecraft:furnace":4,"minecraft:iron_boots":4,"minecraft:stick":48,"minecraft:birch_trapdoor":13,"minecraft:oak_fence":37,"minecraft:torch":100,"minecraft:acacia_log":20,"minecraft:porkchop":3,"minecraft:pointed_dripstone":19,"minecraft:diorite":20,"minecraft:cauldron":4,"minecraft:rotten_flesh":25,"minecraft:obsidian":26,"minecraft:cobblestone":347,"minecraft:birch_log":11,"minecraft:cooked_beef":3,"minecraft:birch_slab":6,"minecraft:water_bucket":2,"minecraft:andesite":6,"minecraft:flint":19,"hallucinatory_plants:datura_leaf":9,"minecraft:dirt":1746,"hallucinatory_plants:marijuana_leaf":32,"minecraft:bone":8,"minecraft:acacia_planks":3,"minecraft:wheat_seeds":741,"minecraft:raw_gold":8,"minecraft:bell":4,"minecraft:grindstone":7,"minecraft:diamond_helmet":2,"minecraft:fletching_table":2,"minecraft:oak_planks":101,"minecraft:cooked_porkchop":4,"minecraft:sand":8,"minecraft:ink_sac":3,"hallucinatory_plants:coca_leaf":4,"minecraft:mossy_cobblestone":1,"minecraft:diamond":6,"minecraft:lever":2,"minecraft:granite":5,"minecraft:bread":14,"minecraft:emerald":50,"minecraft:oak_sapling":76,"minecraft:diamond_pickaxe":2,"minecraft:crafting_table":8,"minecraft:wooden_pickaxe":5,"minecraft:shield":5,"minecraft:iron_axe":5,"minecraft:beef":9,"minecraft:poppy":15,"minecraft:lectern":125,"minecraft:sugar_cane":267,"minecraft:chest":9,"minecraft:egg":14,"minecraft:raw_iron":128,"minecraft:stone":10,"minecraft:oak_door":2,"minecraft:redstone":4,"minecraft:diamond_chestplate":2,"minecraft:arrow":11,"minecraft:stone_shovel":1,"minecraft:beetroot_seeds":127,"minecraft:shears":1,"minecraft:diamond_boots":2,"minecraft:hay_block":19,"minecraft:mutton":9,"minecraft:white_wool":17,"minecraft:rail":2,"minecraft:tripwire_hook":4,"minecraft:salmon":1,"minecraft:leather":6,"minecraft:birch_planks":4,"minecraft:oak_log":635,"minecraft:yellow_bed":7,"minecraft:gunpowder":4,"minecraft:cobblestone_stairs":6,"minecraft:paper":6,"minecraft:cooked_mutton":14,"minecraft:apple":5,"minecraft:iron_ingot":159,"minecraft:stone_pickaxe":1,"minecraft:acacia_sapling":2,"minecraft:oak_slab":19,"minecraft:birch_boat":11,"minecraft:dandelion":2,"minecraft:dripstone_block":8,"minecraft:gravel":269,"minecraft:blast_furnace":2,"minecraft:white_bed":21,"minecraft:green_carpet":2,"minecraft:spider_eye":3,"minecraft:diamond_shovel":1,"minecraft:stone_axe":2,"minecraft:iron_helmet":3,"minecraft:diamond_axe":1,"minecraft:birch_sign":1,"minecraft:melon_seeds":1,"minecraft:coal":227,"minecraft:hopper":4,"minecraft:ender_pearl":1},"minecraft:killed":{"minecraft:spider":5,"minecraft:skeleton":3,"minecraft:pig":1,"minecraft:salmon":1,"minecraft:iron_golem":11,"minecraft:creeper":5,"minecraft:sheep":5,"minecraft:zombie":14,"apollyon:the_damned":1,"minecraft:cow":7,"minecraft:wandering_trader":1,"minecraft:enderman":1},"minecraft:dropped":{"minecraft:cooked_beef":2,"minecraft:flint":19,"minecraft:iron_pickaxe":1,"minecraft:gravel":1,"minecraft:cobbled_deepslate":2,"minecraft:rotten_flesh":3,"minecraft:gunpowder":2,"minecraft:enchanted_book":1,"minecraft:iron_ingot":44,"minecraft:bread":14,"minecraft:wheat_seeds":12,"minecraft:dripstone_block":7,"minecraft:cobblestone":1,"hallucinatory_plants:coca_leaf":4,"minecraft:chainmail_helmet":1,"minecraft:coal":7,"minecraft:ink_sac":3,"minecraft:iron_leggings":1,"minecraft:iron_axe":1,"minecraft:string":2,"minecraft:bucket":1,"minecraft:raw_copper":10,"minecraft:stone_shovel":1,"minecraft:shears":1,"minecraft:diamond_pickaxe":1,"minecraft:spider_eye":1,"minecraft:stone_pickaxe":1,"minecraft:wooden_pickaxe":1},"minecraft:broken":{"minecraft:stone_axe":3,"minecraft:wooden_axe":2,"minecraft:stone_shovel":1,"minecraft:flint_and_steel":1,"minecraft:wooden_pickaxe":1,"minecraft:iron_axe":1,"minecraft:iron_pickaxe":1},"minecraft:mined":{"minecraft:white_bed":15,"minecraft:oak_sapling":1,"minecraft:cobblestone_stairs":6,"minecraft:brewing_stand":2,"minecraft:obsidian":13,"minecraft:granite":5,"minecraft:acacia_log":15,"minecraft:grass_block":1043,"minecraft:hopper":4,"minecraft:tall_seagrass":4,"minecraft:iron_ore":77,"minecraft:cobbled_deepslate":22,"minecraft:fire":12,"minecraft:fletching_table":2,"minecraft:pointed_dripstone":3,"minecraft:water_cauldron":4,"minecraft:dirt_path":4,"minecraft:birch_wall_sign":2,"minecraft:green_carpet":2,"minecraft:tripwire":11,"minecraft:deepslate_redstone_ore":1,"minecraft:melon_stem":1,"minecraft:torch":10,"minecraft:blast_furnace":2,"minecraft:poppy":2,"minecraft:chest":8,"minecraft:cobblestone":88,"minecraft:grindstone":3,"minecraft:sugar_cane":139,"minecraft:oak_planks":33,"minecraft:wall_torch":18,"minecraft:seagrass":1,"minecraft:birch_log":5,"minecraft:yellow_wool":9,"minecraft:wheat":295,"minecraft:birch_trapdoor":11,"minecraft:wither_rose":1,"minecraft:grass":508,"minecraft:oak_log":531,"minecraft:beetroots":52,"minecraft:sand":8,"minecraft:birch_button":1,"minecraft:dirt":689,"minecraft:oak_leaves":85,"minecraft:deepslate":17,"minecraft:mossy_cobblestone":1,"minecraft:deepslate_diamond_ore":6,"minecraft:hay_block":19,"minecraft:furnace":4,"minecraft:bell":2,"minecraft:deepslate_iron_ore":46,"minecraft:stone":130,"minecraft:white_wool":10,"minecraft:oak_slab":19,"minecraft:acacia_leaves":4,"minecraft:glass_pane":4,"minecraft:lily_of_the_valley":1,"hallucinatory_plants:coca_plant":1,"minecraft:dandelion":2,"minecraft:oak_fence":37,"minecraft:crafting_table":8,"minecraft:lectern":125,"minecraft:tall_grass":80,"minecraft:copper_ore":1,"minecraft:deepslate_gold_ore":8,"minecraft:diorite":16,"hallucinatory_plants:datura_plant":4,"minecraft:birch_leaves":3,"minecraft:yellow_bed":3,"minecraft:coal_ore":184,"minecraft:flower_pot":2,"minecraft:gravel":247,"minecraft:acacia_planks":1,"minecraft:birch_sign":1,"minecraft:fern":6},"minecraft:used":{"minecraft:poppy":4,"minecraft:chest":11,"minecraft:shield":105,"minecraft:bell":4,"minecraft:rotten_flesh":4,"minecraft:mutton":2,"minecraft:acacia_sapling":1,"minecraft:obsidian":10,"minecraft:milk_bucket":1,"minecraft:iron_helmet":2,"minecraft:birch_button":7,"minecraft:birch_trapdoor":11,"minecraft:furnace":5,"minecraft:oak_sapling":9,"minecraft:beetroot_seeds":80,"minecraft:egg":14,"minecraft:diorite":15,"minecraft:diamond_boots":1,"minecraft:stone_pickaxe":189,"minecraft:oak_planks":166,"minecraft:wooden_pickaxe":90,"minecraft:chainmail_helmet":2,"minecraft:sugar_cane":18,"minecraft:diamond_axe":1,"minecraft:white_wool":2,"minecraft:sand":1,"minecraft:blast_furnace":1,"minecraft:shears":8,"minecraft:lever":2,"minecraft:birch_slab":3,"minecraft:bread":12,"minecraft:string":29,"minecraft:lectern":127,"minecraft:gravel":264,"minecraft:grindstone":2,"minecraft:oak_fence":17,"minecraft:flint_and_steel":65,"minecraft:stone_shovel":263,"minecraft:stone_hoe":37,"minecraft:cooked_chicken":15,"minecraft:oak_door":2,"minecraft:torch":231,"minecraft:brewing_stand":1,"minecraft:dirt":318,"minecraft:hopper":5,"minecraft:diamond_helmet":1,"minecraft:granite":5,"minecraft:wooden_axe":58,"minecraft:iron_axe":486,"minecraft:barrel":3,"minecraft:melon_seeds":1,"minecraft:diamond_chestplate":1,"minecraft:tripwire_hook":4,"minecraft:cooked_beef":21,"minecraft:cobbled_deepslate":37,"minecraft:iron_leggings":3,"minecraft:pointed_dripstone":8,"minecraft:wheat_seeds":200,"minecraft:cooked_mutton":22,"minecraft:water_bucket":29,"minecraft:cobblestone_stairs":4,"minecraft:birch_planks":1,"minecraft:glass_bottle":3,"minecraft:birch_boat":12,"minecraft:fletching_table":2,"minecraft:salmon":1,"minecraft:oak_slab":19,"minecraft:crafting_table":14,"minecraft:birch_sign":12,"minecraft:white_bed":20,"minecraft:oak_log":14,"minecraft:flower_pot":2,"minecraft:diamond_pickaxe":19,"minecraft:apple":4,"minecraft:diamond_shovel":2091,"minecraft:iron_pickaxe":522,"hallucinatory_plants:datura_leaf":3,"minecraft:stone_axe":530,"minecraft:green_carpet":2,"minecraft:cobblestone":76,"minecraft:porkchop":3,"minecraft:cooked_porkchop":22,"minecraft:bucket":31,"minecraft:yellow_bed":9,"minecraft:dandelion":1,"minecraft:diamond_leggings":1},"minecraft:custom":{"minecraft:interact_with_crafting_table":112,"minecraft:bell_ring":128,"minecraft:leave_game":66,"minecraft:time_since_death":170959,"minecraft:sprint_one_cm":1718014,"minecraft:damage_blocked_by_shield":3204,"minecraft:drop":79,"minecraft:talked_to_villager":446,"minecraft:play_time":1056079,"minecraft:deaths":37,"minecraft:jump":14934,"minecraft:walk_on_water_one_cm":202814,"minecraft:interact_with_furnace":61,"minecraft:traded_with_villager":302,"minecraft:sleep_in_bed":55,"minecraft:damage_dealt":21168,"minecraft:player_kills":2,"minecraft:crouch_one_cm":17923,"minecraft:mob_kills":57,"minecraft:climb_one_cm":9837,"minecraft:walk_one_cm":2748519,"minecraft:sneak_time":8920,"minecraft:walk_under_water_one_cm":52292,"minecraft:boat_one_cm":115234,"minecraft:total_world_time":1056079,"minecraft:pot_flower":2,"minecraft:time_since_rest":5080,"minecraft:damage_taken":31981,"minecraft:swim_one_cm":93326,"minecraft:fly_one_cm":2773561,"minecraft:open_chest":537,"minecraft:fall_one_cm":339913},"minecraft:killed_by":{"the_silence:the_silence_principal":1,"minecraft:creeper":2,"man:managgresive":2,"minecraft:husk":8,"minecraft:player":7,"minecraft:spider":2,"minecraft:enderman":1,"minecraft:iron_golem":1,"apollyon:the_damned":2,"minecraft:skeleton":3}},"DataVersion":3465}