{"stats":{"minecraft:crafted":{"minecraft:oak_planks":16,"minecraft:crafting_table":1,"minecraft:stick":4,"minecraft:wooden_pickaxe":1},"minecraft:killed_by":{"minecraft:husk":3,"minecraft:skeleton":1,"minecraft:creeper":1,"minecraft:spider":2},"minecraft:dropped":{"minecraft:wooden_pickaxe":1},"minecraft:mined":{"minecraft:grass":3,"minecraft:grass_block":1,"minecraft:acacia_log":6,"minecraft:oak_log":5,"minecraft:tall_grass":3,"minecraft:oak_leaves":5},"minecraft:used":{"minecraft:oak_log":1,"minecraft:dirt":1,"minecraft:crafting_table":1,"minecraft:egg":1},"minecraft:picked_up":{"minecraft:wooden_pickaxe":3,"minecraft:wheat_seeds":1,"minecraft:acacia_log":6,"minecraft:oak_log":5,"minecraft:oak_planks":7,"minecraft:dirt":1,"minecraft:egg":1},"minecraft:custom":{"minecraft:time_since_rest":4708,"minecraft:sprint_one_cm":68212,"minecraft:play_time":32260,"minecraft:deaths":7,"minecraft:damage_taken":8695,"minecraft:walk_one_cm":69754,"minecraft:sneak_time":204,"minecraft:walk_under_water_one_cm":6084,"minecraft:drop":1,"minecraft:jump":516,"minecraft:damage_dealt":85,"minecraft:leave_game":6,"minecraft:walk_on_water_one_cm":12808,"minecraft:time_since_death":4673,"minecraft:total_world_time":32260,"minecraft:climb_one_cm":490,"minecraft:swim_one_cm":18418,"minecraft:interact_with_crafting_table":1,"minecraft:fall_one_cm":14570,"minecraft:fly_one_cm":102684}},"DataVersion":3465}