{"stats":{"minecraft:crafted":{"minecraft:oak_planks":16,"minecraft:crafting_table":1,"minecraft:stick":4,"minecraft:wooden_pickaxe":1},"minecraft:killed_by":{"minecraft:husk":2,"minecraft:skeleton":1,"minecraft:creeper":1,"minecraft:spider":2},"minecraft:dropped":{"minecraft:wooden_pickaxe":1},"minecraft:mined":{"minecraft:grass":3,"minecraft:grass_block":1,"minecraft:acacia_log":6,"minecraft:oak_log":5,"minecraft:tall_grass":3,"minecraft:oak_leaves":5},"minecraft:used":{"minecraft:oak_log":1,"minecraft:dirt":1,"minecraft:crafting_table":1,"minecraft:egg":1},"minecraft:picked_up":{"minecraft:wooden_pickaxe":2,"minecraft:wheat_seeds":1,"minecraft:acacia_log":6,"minecraft:oak_log":5,"minecraft:dirt":1,"minecraft:egg":1},"minecraft:custom":{"minecraft:time_since_rest":132,"minecraft:sprint_one_cm":60391,"minecraft:play_time":25811,"minecraft:deaths":6,"minecraft:damage_taken":6125,"minecraft:walk_one_cm":62652,"minecraft:walk_under_water_one_cm":6084,"minecraft:drop":1,"minecraft:jump":458,"minecraft:damage_dealt":85,"minecraft:leave_game":5,"minecraft:walk_on_water_one_cm":12808,"minecraft:time_since_death":0,"minecraft:total_world_time":25811,"minecraft:climb_one_cm":490,"minecraft:swim_one_cm":18418,"minecraft:interact_with_crafting_table":1,"minecraft:fall_one_cm":12320,"minecraft:fly_one_cm":96501}},"DataVersion":3465}