{"stats":{"minecraft:mined":{"minecraft:tall_grass":3,"minecraft:grass":2,"minecraft:acacia_log":6},"minecraft:picked_up":{"minecraft:wheat_seeds":1,"minecraft:acacia_log":6},"minecraft:custom":{"minecraft:jump":128,"minecraft:damage_dealt":85,"minecraft:time_since_rest":610,"minecraft:damage_taken":770,"minecraft:leave_game":5,"minecraft:time_since_death":0,"minecraft:play_time":9265,"minecraft:sprint_one_cm":23043,"minecraft:walk_one_cm":20199,"minecraft:walk_on_water_one_cm":793,"minecraft:deaths":3,"minecraft:total_world_time":9265,"minecraft:walk_under_water_one_cm":1158,"minecraft:swim_one_cm":2429,"minecraft:fly_one_cm":31358,"minecraft:fall_one_cm":2558},"minecraft:killed_by":{"minecraft:skeleton":1,"minecraft:spider":2}},"DataVersion":3465}