{"stats":{"minecraft:picked_up":{"minecraft:wheat_seeds":4},"minecraft:killed_by":{"minecraft:player":1},"minecraft:custom":{"minecraft:jump":30,"minecraft:time_since_rest":10936,"minecraft:leave_game":1,"minecraft:damage_dealt":397,"minecraft:deaths":1,"minecraft:sprint_one_cm":2878,"minecraft:play_time":18913,"minecraft:damage_taken":247,"minecraft:time_since_death":0,"minecraft:walk_one_cm":11546,"minecraft:total_world_time":18913,"minecraft:fall_one_cm":269,"minecraft:fly_one_cm":2951,"minecraft:player_kills":1},"minecraft:mined":{"minecraft:grass":14,"minecraft:tall_grass":3}},"DataVersion":3465}