{"stats":{"minecraft:picked_up":{"minecraft:cooked_beef":2,"minecraft:chicken":1,"minecraft:leather":1,"minecraft:acacia_log":10,"minecraft:porkchop":3,"minecraft:sand":41,"minecraft:ink_sac":3,"minecraft:white_bed":1,"minecraft:dirt":1,"minecraft:stone_shovel":1,"minecraft:rotten_flesh":2,"minecraft:wheat_seeds":7,"minecraft:beef":3,"minecraft:chainmail_helmet":1,"minecraft:sugar_cane":3,"minecraft:mutton":2,"minecraft:oak_planks":7,"minecraft:white_wool":1,"minecraft:egg":1},"minecraft:crafted":{"minecraft:sugar":3},"minecraft:killed":{"minecraft:sheep":1,"minecraft:pig":1,"minecraft:chicken":1,"minecraft:cow":2},"minecraft:mined":{"minecraft:grass":45,"minecraft:acacia_log":12,"minecraft:grass_block":1,"minecraft:sand":46,"minecraft:tall_grass":9,"minecraft:oak_planks":7,"minecraft:sugar_cane":2},"minecraft:used":{"minecraft:acacia_log":4,"minecraft:chicken":1,"minecraft:chainmail_helmet":1,"minecraft:rotten_flesh":2,"minecraft:dirt":1,"minecraft:sand":30,"minecraft:beef":2,"minecraft:porkchop":1,"minecraft:white_bed":1,"minecraft:egg":1},"minecraft:killed_by":{"minecraft:husk":1,"minecraft:spider":1,"minecraft:zombie":1},"minecraft:custom":{"minecraft:time_since_rest":5717,"minecraft:sprint_one_cm":77783,"minecraft:damage_taken":3174,"minecraft:walk_one_cm":189610,"minecraft:mob_kills":5,"minecraft:damage_dealt":492,"minecraft:interact_with_crafting_table":2,"minecraft:swim_one_cm":992,"minecraft:talked_to_villager":1,"minecraft:fly_one_cm":15769,"minecraft:play_time":80070,"minecraft:deaths":3,"minecraft:bell_ring":11,"minecraft:walk_under_water_one_cm":9159,"minecraft:jump":401,"minecraft:leave_game":3,"minecraft:walk_on_water_one_cm":18860,"minecraft:time_since_death":5987,"minecraft:sleep_in_bed":2,"minecraft:total_world_time":80070,"minecraft:fall_one_cm":7314}},"DataVersion":3465}