{"stats":{"minecraft:picked_up":{"minecraft:cooked_beef":2,"minecraft:chicken":1,"minecraft:leather":1,"minecraft:acacia_log":10,"minecraft:porkchop":3,"minecraft:sand":41,"minecraft:white_bed":1,"minecraft:dirt":1,"minecraft:stone_shovel":1,"minecraft:rotten_flesh":2,"minecraft:wheat_seeds":7,"minecraft:beef":3,"minecraft:chainmail_helmet":1,"minecraft:sugar_cane":3,"minecraft:mutton":2,"minecraft:oak_planks":7,"minecraft:white_wool":1,"minecraft:egg":1},"minecraft:crafted":{"minecraft:sugar":3},"minecraft:killed":{"minecraft:sheep":1,"minecraft:pig":1,"minecraft:chicken":1,"minecraft:cow":2},"minecraft:mined":{"minecraft:grass":45,"minecraft:acacia_log":12,"minecraft:grass_block":1,"minecraft:sand":46,"minecraft:tall_grass":9,"minecraft:oak_planks":7,"minecraft:sugar_cane":2},"minecraft:used":{"minecraft:acacia_log":4,"minecraft:chicken":1,"minecraft:chainmail_helmet":1,"minecraft:rotten_flesh":2,"minecraft:dirt":1,"minecraft:sand":30,"minecraft:beef":2,"minecraft:porkchop":1,"minecraft:white_bed":1,"minecraft:egg":1},"minecraft:killed_by":{"minecraft:spider":1,"minecraft:zombie":1},"minecraft:custom":{"minecraft:time_since_rest":7141,"minecraft:sprint_one_cm":69826,"minecraft:damage_taken":655,"minecraft:walk_one_cm":175518,"minecraft:mob_kills":5,"minecraft:damage_dealt":490,"minecraft:swim_one_cm":992,"minecraft:fly_one_cm":13709,"minecraft:play_time":68070,"minecraft:deaths":2,"minecraft:walk_under_water_one_cm":8949,"minecraft:jump":373,"minecraft:leave_game":3,"minecraft:walk_on_water_one_cm":17529,"minecraft:time_since_death":29174,"minecraft:sleep_in_bed":1,"minecraft:total_world_time":68070,"minecraft:fall_one_cm":6492}},"DataVersion":3465}