{"stats":{"minecraft:mined":{"minecraft:grass":10,"minecraft:tall_grass":7},"minecraft:killed":{"minecraft:chicken":1,"minecraft:cow":1},"minecraft:custom":{"minecraft:time_since_rest":9438,"minecraft:play_time":15926,"minecraft:sprint_one_cm":5247,"minecraft:walk_one_cm":27105,"minecraft:damage_taken":365,"minecraft:deaths":1,"minecraft:mob_kills":2,"minecraft:jump":60,"minecraft:damage_dealt":129,"minecraft:leave_game":1,"minecraft:time_since_death":6335,"minecraft:total_world_time":15926,"minecraft:fall_one_cm":1633,"minecraft:fly_one_cm":2279},"minecraft:picked_up":{"minecraft:chicken":1,"minecraft:rotten_flesh":2,"minecraft:beef":1,"minecraft:egg":1},"minecraft:killed_by":{"minecraft:zombie":1},"minecraft:used":{"minecraft:rotten_flesh":2,"minecraft:egg":1}},"DataVersion":3465}