{"stats":{"minecraft:picked_up":{"minecraft:cooked_beef":2,"minecraft:chicken":1,"minecraft:leather":1,"minecraft:acacia_log":10,"minecraft:porkchop":3,"minecraft:sand":41,"minecraft:dirt":1,"minecraft:stone_shovel":1,"minecraft:rotten_flesh":2,"minecraft:wheat_seeds":7,"minecraft:beef":3,"minecraft:chainmail_helmet":1,"minecraft:sugar_cane":3,"minecraft:mutton":2,"minecraft:oak_planks":7,"minecraft:white_wool":1,"minecraft:egg":1},"minecraft:crafted":{"minecraft:sugar":3},"minecraft:killed":{"minecraft:sheep":1,"minecraft:pig":1,"minecraft:chicken":1,"minecraft:cow":2},"minecraft:mined":{"minecraft:grass":45,"minecraft:acacia_log":12,"minecraft:grass_block":1,"minecraft:sand":46,"minecraft:tall_grass":9,"minecraft:oak_planks":7,"minecraft:sugar_cane":2},"minecraft:used":{"minecraft:acacia_log":4,"minecraft:chicken":1,"minecraft:rotten_flesh":2,"minecraft:dirt":1,"minecraft:sand":30,"minecraft:beef":2,"minecraft:porkchop":1,"minecraft:egg":1},"minecraft:killed_by":{"minecraft:spider":1,"minecraft:zombie":1},"minecraft:custom":{"minecraft:time_since_rest":17637,"minecraft:sprint_one_cm":33831,"minecraft:damage_taken":635,"minecraft:walk_one_cm":123124,"minecraft:mob_kills":5,"minecraft:damage_dealt":490,"minecraft:swim_one_cm":852,"minecraft:fly_one_cm":8504,"minecraft:play_time":56070,"minecraft:deaths":2,"minecraft:walk_under_water_one_cm":8320,"minecraft:jump":264,"minecraft:leave_game":3,"minecraft:walk_on_water_one_cm":8397,"minecraft:time_since_death":17174,"minecraft:total_world_time":56070,"minecraft:fall_one_cm":3971}},"DataVersion":3465}