{"stats":{"minecraft:picked_up":{"minecraft:chicken":1,"minecraft:rotten_flesh":2,"minecraft:leather":1,"minecraft:wheat_seeds":7,"minecraft:acacia_log":6,"minecraft:porkchop":3,"minecraft:beef":3,"minecraft:sand":41,"minecraft:sugar_cane":3,"minecraft:dirt":1,"minecraft:mutton":2,"minecraft:white_wool":1,"minecraft:egg":1},"minecraft:crafted":{"minecraft:sugar":3},"minecraft:killed":{"minecraft:sheep":1,"minecraft:pig":1,"minecraft:chicken":1,"minecraft:cow":2},"minecraft:mined":{"minecraft:grass":44,"minecraft:acacia_log":8,"minecraft:grass_block":1,"minecraft:sand":46,"minecraft:tall_grass":9,"minecraft:sugar_cane":2},"minecraft:used":{"minecraft:rotten_flesh":2,"minecraft:sand":11,"minecraft:beef":2,"minecraft:chicken":1,"minecraft:egg":1},"minecraft:killed_by":{"minecraft:spider":1,"minecraft:zombie":1},"minecraft:custom":{"minecraft:time_since_rest":5748,"minecraft:play_time":44181,"minecraft:sprint_one_cm":26008,"minecraft:damage_taken":605,"minecraft:walk_one_cm":85153,"minecraft:deaths":2,"minecraft:walk_under_water_one_cm":8320,"minecraft:mob_kills":5,"minecraft:jump":175,"minecraft:damage_dealt":490,"minecraft:leave_game":2,"minecraft:time_since_death":5285,"minecraft:walk_on_water_one_cm":8110,"minecraft:total_world_time":44181,"minecraft:swim_one_cm":852,"minecraft:fall_one_cm":2736,"minecraft:fly_one_cm":6231}},"DataVersion":3465}