{"stats":{"minecraft:mined":{"minecraft:grass":24,"minecraft:acacia_log":8,"minecraft:sand":16,"minecraft:tall_grass":9,"minecraft:sugar_cane":2},"minecraft:killed":{"minecraft:sheep":1,"minecraft:chicken":1,"minecraft:cow":2},"minecraft:custom":{"minecraft:time_since_rest":233,"minecraft:sprint_one_cm":11387,"minecraft:play_time":38666,"minecraft:deaths":2,"minecraft:damage_taken":605,"minecraft:walk_one_cm":69429,"minecraft:walk_under_water_one_cm":8320,"minecraft:mob_kills":4,"minecraft:jump":148,"minecraft:damage_dealt":391,"minecraft:leave_game":2,"minecraft:walk_on_water_one_cm":8110,"minecraft:time_since_death":0,"minecraft:total_world_time":38666,"minecraft:swim_one_cm":852,"minecraft:fall_one_cm":2318,"minecraft:fly_one_cm":3056},"minecraft:picked_up":{"minecraft:chicken":1,"minecraft:rotten_flesh":2,"minecraft:leather":1,"minecraft:wheat_seeds":2,"minecraft:acacia_log":6,"minecraft:sand":11,"minecraft:beef":3,"minecraft:sugar_cane":3,"minecraft:mutton":2,"minecraft:white_wool":1,"minecraft:egg":1},"minecraft:crafted":{"minecraft:sugar":3},"minecraft:killed_by":{"minecraft:spider":1,"minecraft:zombie":1},"minecraft:used":{"minecraft:rotten_flesh":2,"minecraft:beef":2,"minecraft:chicken":1,"minecraft:egg":1}},"DataVersion":3465}