{"stats":{"minecraft:crafted":{"minecraft:sugar":3,"minecraft:black_dye":3},"minecraft:picked_up":{"minecraft:stick":6,"minecraft:wheat":1,"minecraft:cooked_beef":2,"minecraft:chicken":2,"minecraft:leather":1,"minecraft:acacia_log":10,"minecraft:oak_stairs":2,"minecraft:porkchop":4,"minecraft:sand":41,"minecraft:ink_sac":4,"minecraft:white_bed":1,"minecraft:string":1,"minecraft:dirt":1,"minecraft:iron_axe":2,"minecraft:iron_leggings":2,"minecraft:apple":2,"minecraft:stone_shovel":1,"minecraft:rotten_flesh":2,"minecraft:wheat_seeds":11,"minecraft:beef":3,"minecraft:chainmail_helmet":2,"minecraft:sugar_cane":3,"minecraft:mutton":2,"minecraft:oak_planks":7,"minecraft:white_wool":1,"minecraft:cobblestone":41,"minecraft:egg":2},"minecraft:killed":{"minecraft:sheep":1,"minecraft:pig":2,"minecraft:chicken":2,"minecraft:cow":2},"minecraft:mined":{"minecraft:wheat":2,"minecraft:grass":46,"minecraft:acacia_log":12,"minecraft:grass_block":1,"minecraft:sand":46,"minecraft:tall_grass":9,"minecraft:oak_planks":7,"minecraft:sugar_cane":2},"minecraft:used":{"minecraft:wheat_seeds":3,"minecraft:acacia_log":4,"minecraft:oak_stairs":2,"minecraft:iron_axe":2,"minecraft:chicken":2,"minecraft:chainmail_helmet":2,"minecraft:rotten_flesh":2,"minecraft:dirt":1,"minecraft:sand":30,"minecraft:beef":2,"minecraft:porkchop":2,"minecraft:white_bed":1,"minecraft:egg":2,"minecraft:iron_leggings":1},"minecraft:killed_by":{"minecraft:husk":1,"minecraft:spider":1,"minecraft:zombie":1},"minecraft:custom":{"minecraft:time_since_rest":5600,"minecraft:sprint_one_cm":99364,"minecraft:damage_taken":3194,"minecraft:walk_one_cm":238558,"minecraft:mob_kills":7,"minecraft:damage_dealt":595,"minecraft:interact_with_crafting_table":2,"minecraft:swim_one_cm":992,"minecraft:talked_to_villager":2,"minecraft:fly_one_cm":18221,"minecraft:open_chest":1,"minecraft:play_time":92787,"minecraft:deaths":3,"minecraft:bell_ring":11,"minecraft:walk_under_water_one_cm":10693,"minecraft:jump":501,"minecraft:climb_one_cm":1456,"minecraft:leave_game":4,"minecraft:walk_on_water_one_cm":19567,"minecraft:time_since_death":18704,"minecraft:sleep_in_bed":3,"minecraft:total_world_time":92787,"minecraft:fall_one_cm":10164}},"DataVersion":3465}