{"stats":{"minecraft:broken":{"minecraft:stone_pickaxe":4,"minecraft:stone_axe":7,"minecraft:iron_sword":1,"minecraft:wooden_axe":1,"minecraft:stone_shovel":1},"minecraft:picked_up":{"minecraft:iron_chestplate":1,"minecraft:crafting_table":26,"minecraft:wheat":4,"minecraft:chicken":18,"minecraft:smithing_table":1,"minecraft:wooden_pickaxe":1,"minecraft:pink_wool":1,"minecraft:wither_rose":3,"minecraft:shield":1,"minecraft:cornflower":2,"minecraft:string":94,"minecraft:raw_copper":8,"minecraft:iron_axe":1,"minecraft:cooked_salmon":2,"minecraft:smooth_stone_slab":22,"minecraft:iron_leggings":5,"minecraft:smooth_stone":15,"minecraft:cobbled_deepslate":106,"minecraft:bucket":1,"minecraft:beef":13,"minecraft:poppy":2,"minecraft:iron_pickaxe":1,"minecraft:light_gray_wool":5,"minecraft:enchanted_golden_apple":1,"minecraft:sugar_cane":65,"minecraft:furnace":7,"minecraft:iron_boots":1,"minecraft:egg":9,"minecraft:stick":33,"minecraft:raw_iron":89,"minecraft:oak_door":2,"minecraft:oak_fence":11,"minecraft:torch":26,"minecraft:acacia_log":58,"minecraft:porkchop":58,"minecraft:pointed_dripstone":16,"minecraft:diorite":33,"minecraft:redstone":9,"minecraft:orange_bed":3,"minecraft:stone_shovel":2,"minecraft:stone_sword":1,"minecraft:arrow":8,"minecraft:rotten_flesh":16,"minecraft:hay_block":77,"minecraft:mutton":64,"minecraft:birch_log":6,"minecraft:rail":5,"minecraft:white_wool":38,"minecraft:cobblestone":498,"minecraft:feather":21,"minecraft:cooked_beef":4,"minecraft:andesite":16,"minecraft:salmon":3,"minecraft:leather":9,"minecraft:smoker":1,"minecraft:flint":12,"minecraft:tuff":3,"minecraft:oak_log":603,"hallucinatory_plants:datura_leaf":16,"minecraft:yellow_bed":4,"minecraft:cobblestone_stairs":1,"minecraft:lapis_lazuli":36,"minecraft:dirt":268,"minecraft:cooked_mutton":27,"minecraft:bone":3,"minecraft:acacia_planks":29,"minecraft:apple":1,"minecraft:grindstone":2,"minecraft:wheat_seeds":129,"minecraft:iron_ingot":83,"minecraft:stone_pickaxe":1,"minecraft:cooked_chicken":1,"minecraft:fletching_table":7,"minecraft:stone_hoe":1,"minecraft:iron_sword":1,"minecraft:oak_planks":311,"minecraft:acacia_sapling":2,"minecraft:cooked_porkchop":34,"minecraft:pumpkin":41,"minecraft:dripstone_block":7,"minecraft:gravel":113,"minecraft:sand":12,"minecraft:blast_furnace":1,"minecraft:ink_sac":1,"minecraft:white_bed":13,"minecraft:spruce_log":14,"minecraft:dark_oak_log":18,"minecraft:mossy_cobblestone":5,"minecraft:diamond":23,"minecraft:iron_helmet":1,"minecraft:granite":12,"minecraft:gray_wool":1,"minecraft:bread":4,"minecraft:melon_seeds":3,"minecraft:oak_sapling":6,"minecraft:coal":129,"minecraft:ender_pearl":2},"minecraft:killed":{"minecraft:cave_spider":3,"minecraft:spider":4,"minecraft:skeleton":7,"minecraft:chicken":18,"minecraft:drowned":1,"minecraft:pig":28,"minecraft:salmon":4,"minecraft:iron_golem":2,"minecraft:sheep":43,"minecraft:zombie":17,"apollyon:the_damned":4,"minecraft:enderman":2,"minecraft:cow":8},"minecraft:dropped":{"minecraft:iron_ingot":1,"minecraft:iron_sword":1,"minecraft:wheat_seeds":9,"minecraft:oak_log":5,"minecraft:mossy_cobblestone":5,"minecraft:dripstone_block":7,"minecraft:feather":21,"minecraft:oak_fence":5,"minecraft:rail":2,"minecraft:stick":9,"minecraft:diorite":14,"minecraft:ink_sac":1,"minecraft:torch":56,"minecraft:cornflower":2,"minecraft:wooden_axe":1,"minecraft:iron_leggings":5,"minecraft:sand":12,"minecraft:string":12,"minecraft:bucket":1,"minecraft:white_wool":13,"minecraft:bone":2,"minecraft:oak_door":2,"minecraft:sugar_cane":1,"minecraft:cobbled_deepslate":77,"minecraft:raw_copper":8,"minecraft:stone_shovel":1,"minecraft:pointed_dripstone":3,"minecraft:rotten_flesh":13,"minecraft:light_gray_wool":4,"minecraft:iron_boots":1,"minecraft:enchanted_golden_apple":1,"minecraft:cooked_mutton":5,"minecraft:white_bed":2,"minecraft:poppy":2,"minecraft:stone":5,"minecraft:shield":1,"hallucinatory_plants:datura_leaf":1,"minecraft:pink_wool":1,"minecraft:andesite":12,"minecraft:yellow_bed":3,"minecraft:oak_sapling":3,"minecraft:acacia_sapling":2,"minecraft:wooden_pickaxe":2,"minecraft:egg":2},"minecraft:used":{"minecraft:oak_fence":3,"minecraft:stone_sword":61,"minecraft:acacia_log":9,"minecraft:stone_shovel":356,"minecraft:chest":8,"minecraft:shield":75,"minecraft:iron_sword":224,"minecraft:stone_hoe":117,"minecraft:cooked_salmon":1,"minecraft:cooked_chicken":5,"minecraft:orange_bed":3,"minecraft:torch":431,"minecraft:dirt":222,"minecraft:acacia_sapling":1,"minecraft:milk_bucket":1,"minecraft:wooden_axe":83,"minecraft:melon_seeds":3,"minecraft:light_gray_wool":1,"minecraft:furnace":9,"minecraft:beetroot_seeds":7,"minecraft:egg":3,"minecraft:cooked_beef":4,"minecraft:cobbled_deepslate":2,"minecraft:acacia_planks":34,"minecraft:wheat_seeds":89,"minecraft:cooked_mutton":27,"minecraft:water_bucket":22,"minecraft:oak_planks":116,"minecraft:stone_pickaxe":604,"minecraft:wooden_pickaxe":46,"minecraft:sugar_cane":45,"minecraft:fletching_table":11,"minecraft:glow_berries":15,"minecraft:salmon":2,"minecraft:blast_furnace":1,"minecraft:crafting_table":28,"minecraft:white_bed":13,"minecraft:pumpkin_seeds":4,"minecraft:oak_log":13,"minecraft:apple":1,"minecraft:bread":13,"minecraft:iron_pickaxe":231,"hallucinatory_plants:datura_leaf":1,"minecraft:gravel":85,"minecraft:stone_axe":915,"minecraft:cobblestone":122,"minecraft:grindstone":2,"minecraft:smithing_table":2,"minecraft:cooked_porkchop":12,"minecraft:bucket":22,"minecraft:pumpkin_pie":3,"minecraft:yellow_bed":1,"minecraft:wither_rose":1,"minecraft:gray_wool":1},"minecraft:custom":{"minecraft:mob_kills":145,"minecraft:interact_with_crafting_table":83,"minecraft:leave_game":7,"minecraft:time_since_death":378992,"minecraft:climb_one_cm":902,"minecraft:sprint_one_cm":1210071,"minecraft:walk_one_cm":1053515,"minecraft:damage_blocked_by_shield":3528,"minecraft:drop":83,"minecraft:talked_to_villager":54,"minecraft:play_time":467841,"minecraft:sneak_time":6823,"minecraft:deaths":3,"minecraft:walk_under_water_one_cm":30340,"minecraft:jump":3813,"minecraft:interact_with_blast_furnace":1,"minecraft:walk_on_water_one_cm":53380,"minecraft:total_world_time":467841,"minecraft:interact_with_furnace":69,"minecraft:traded_with_villager":196,"minecraft:interact_with_grindstone":1,"minecraft:sleep_in_bed":20,"minecraft:time_since_rest":16250,"minecraft:damage_taken":6348,"minecraft:damage_dealt":21646,"minecraft:player_kills":4,"minecraft:swim_one_cm":49642,"minecraft:fly_one_cm":578926,"minecraft:open_chest":130,"minecraft:crouch_one_cm":13308,"minecraft:interact_with_smoker":6,"minecraft:fall_one_cm":82663},"minecraft:mined":{"minecraft:tuff":5,"minecraft:farmland":3,"minecraft:white_bed":9,"minecraft:mossy_cobblestone":5,"minecraft:deepslate_diamond_ore":23,"minecraft:cobblestone_stairs":1,"minecraft:dark_oak_log":18,"minecraft:glow_lichen":1,"minecraft:granite":11,"minecraft:acacia_log":60,"minecraft:grass_block":177,"minecraft:spawner":1,"minecraft:hay_block":29,"minecraft:smooth_stone":17,"minecraft:furnace":6,"minecraft:iron_ore":36,"minecraft:cobbled_deepslate":5,"minecraft:andesite":22,"minecraft:pumpkin":41,"minecraft:deepslate_lapis_ore":6,"minecraft:fletching_table":7,"minecraft:dirt_path":18,"minecraft:pointed_dripstone":6,"minecraft:deepslate_iron_ore":53,"minecraft:rail":4,"minecraft:stone":284,"minecraft:orange_bed":3,"minecraft:smithing_table":1,"minecraft:deepslate_redstone_ore":2,"minecraft:acacia_leaves":2,"minecraft:glass_pane":6,"minecraft:melon_stem":1,"minecraft:smoker":1,"minecraft:oak_fence":11,"minecraft:crafting_table":25,"minecraft:torch":5,"minecraft:blast_furnace":1,"minecraft:copper_ore":2,"minecraft:tall_grass":4,"minecraft:deepslate_coal_ore":2,"minecraft:cobblestone":132,"minecraft:grindstone":2,"minecraft:oak_planks":52,"minecraft:sugar_cane":28,"minecraft:wall_torch":9,"minecraft:diorite":32,"minecraft:acacia_sapling":1,"hallucinatory_plants:datura_plant":5,"minecraft:birch_log":6,"minecraft:wheat":64,"minecraft:spruce_log":14,"minecraft:yellow_bed":4,"minecraft:smooth_stone_slab":11,"minecraft:grass":44,"minecraft:oak_log":509,"minecraft:coal_ore":104,"minecraft:gravel":130,"minecraft:dirt":81,"minecraft:sand":15,"minecraft:dripstone_block":7,"minecraft:cobweb":79,"minecraft:acacia_planks":12,"minecraft:oak_leaves":40,"minecraft:deepslate":82,"minecraft:fern":1},"minecraft:killed_by":{"minecraft:husk":1,"minecraft:player":1,"minecraft:zombie":1},"minecraft:crafted":{"minecraft:oak_planks":2612,"minecraft:chainmail_helmet":8,"minecraft:stone_shovel":10,"minecraft:cooked_chicken":5,"minecraft:furnace":3,"minecraft:stone":5,"minecraft:cooked_mutton":32,"minecraft:bow":1,"minecraft:iron_boots":2,"minecraft:stone_pickaxe":5,"minecraft:chest":8,"minecraft:dark_oak_planks":72,"minecraft:stone_hoe":4,"minecraft:chainmail_leggings":12,"minecraft:cooked_beef":4,"minecraft:sugar":11,"minecraft:arrow":16,"minecraft:emerald":150,"minecraft:cooked_porkchop":16,"minecraft:crafting_table":4,"minecraft:spruce_planks":56,"minecraft:wooden_pickaxe":1,"minecraft:iron_helmet":1,"minecraft:iron_sword":2,"minecraft:smithing_table":1,"minecraft:fletching_table":4,"minecraft:bucket":1,"minecraft:birch_planks":24,"minecraft:stone_axe":9,"minecraft:air":0,"minecraft:iron_chestplate":1,"minecraft:shield":4,"minecraft:stick":4793,"minecraft:iron_ingot":41,"minecraft:iron_pickaxe":1,"minecraft:wooden_axe":2,"minecraft:stone_sword":1,"minecraft:iron_leggings":13,"minecraft:white_bed":3,"minecraft:pumpkin_pie":3,"minecraft:acacia_planks":176,"minecraft:torch":432}},"DataVersion":3465}