{"stats":{"minecraft:crafted":{"minecraft:oak_planks":6948,"minecraft:chainmail_helmet":12,"minecraft:cooked_chicken":19,"minecraft:stone":5,"minecraft:diamond_shovel":4,"minecraft:bookshelf":4,"minecraft:cooked_mutton":68,"minecraft:diamond_helmet":2,"minecraft:bow":1,"minecraft:diamond_leggings":2,"minecraft:iron_boots":3,"minecraft:birch_fence_gate":16,"minecraft:chest":13,"minecraft:stone_hoe":4,"minecraft:oak_fence":156,"minecraft:smoker":5,"minecraft:oak_slab":24,"minecraft:arrow":16,"minecraft:emerald":481,"minecraft:cooked_porkchop":69,"minecraft:diamond_axe":2,"minecraft:crafting_table":4,"minecraft:spruce_planks":56,"minecraft:wooden_pickaxe":1,"minecraft:iron_helmet":1,"minecraft:smithing_table":1,"minecraft:fletching_table":4,"minecraft:birch_planks":1468,"minecraft:lectern":4,"minecraft:iron_chestplate":2,"minecraft:book":17,"minecraft:paper":369,"minecraft:diamond_pickaxe":1,"minecraft:shield":5,"minecraft:birch_fence":15,"minecraft:stick":14120,"minecraft:iron_ingot":56,"minecraft:iron_pickaxe":1,"minecraft:stone_sword":2,"minecraft:stone_shovel":12,"minecraft:furnace":18,"minecraft:blast_furnace":5,"minecraft:flint_and_steel":3,"minecraft:iron_axe":25,"minecraft:stone_pickaxe":10,"minecraft:diamond_boots":2,"minecraft:dark_oak_planks":72,"minecraft:chainmail_leggings":12,"minecraft:wheat":432,"minecraft:cooked_beef":37,"minecraft:sugar":11,"minecraft:diamond_sword":2,"minecraft:iron_sword":3,"minecraft:bucket":4,"minecraft:stone_axe":23,"minecraft:enchanted_book":4,"minecraft:bread":191,"minecraft:air":0,"minecraft:oak_fence_gate":19,"minecraft:wooden_axe":2,"minecraft:iron_leggings":13,"minecraft:anvil":1,"minecraft:white_bed":13,"minecraft:pumpkin_pie":3,"minecraft:acacia_planks":176,"minecraft:torch":456,"minecraft:diamond_chestplate":2},"minecraft:picked_up":{"minecraft:iron_chestplate":3,"minecraft:wheat":118,"minecraft:flower_pot":2,"minecraft:smithing_table":2,"minecraft:oak_stairs":45,"minecraft:wither_rose":3,"minecraft:enchanted_book":1,"minecraft:golden_shovel":1,"minecraft:string":99,"minecraft:raw_copper":8,"minecraft:cooked_salmon":2,"minecraft:smooth_stone_slab":24,"minecraft:iron_leggings":9,"minecraft:beetroot":24,"minecraft:gold_nugget":26,"minecraft:cobbled_deepslate":106,"minecraft:smooth_stone":15,"minecraft:bucket":1,"minecraft:iron_pickaxe":3,"minecraft:enchanted_golden_apple":1,"minecraft:melon_slice":218,"minecraft:furnace":8,"minecraft:iron_boots":3,"minecraft:stick":568,"minecraft:oak_fence":79,"minecraft:torch":137,"minecraft:acacia_log":58,"minecraft:porkchop":117,"minecraft:pointed_dripstone":16,"minecraft:diorite":35,"minecraft:orange_bed":8,"minecraft:stone_sword":2,"minecraft:rotten_flesh":19,"minecraft:white_terracotta":88,"minecraft:obsidian":2,"minecraft:cobblestone":1307,"minecraft:birch_log":599,"minecraft:feather":70,"minecraft:cooked_beef":4,"minecraft:water_bucket":2,"minecraft:andesite":29,"minecraft:brown_wool":1,"minecraft:smoker":1,"minecraft:flint":33,"minecraft:tuff":3,"hallucinatory_plants:datura_leaf":40,"minecraft:lapis_lazuli":36,"minecraft:dirt":1648,"hallucinatory_plants:marijuana_leaf":176,"minecraft:bone":4,"minecraft:acacia_planks":29,"minecraft:wheat_seeds":481,"minecraft:bell":4,"minecraft:grindstone":6,"minecraft:diamond_helmet":2,"minecraft:fletching_table":31,"minecraft:stone_hoe":1,"minecraft:oak_planks":768,"minecraft:cooked_porkchop":83,"minecraft:sand":15,"minecraft:ink_sac":1,"hallucinatory_plants:coca_leaf":16,"minecraft:dark_oak_log":18,"minecraft:mossy_cobblestone":27,"minecraft:diamond":23,"minecraft:granite":15,"minecraft:chainmail_helmet":3,"minecraft:emerald":74,"minecraft:bread":29,"minecraft:oak_sapling":142,"minecraft:diamond_pickaxe":1,"minecraft:crafting_table":35,"minecraft:chicken":40,"minecraft:wooden_pickaxe":1,"minecraft:pink_wool":1,"minecraft:shield":4,"minecraft:cornflower":2,"minecraft:iron_axe":13,"minecraft:flint_and_steel":2,"minecraft:beef":64,"minecraft:poppy":19,"minecraft:light_gray_wool":5,"minecraft:lectern":273,"minecraft:sugar_cane":538,"minecraft:chest":2,"minecraft:birch_sapling":24,"minecraft:egg":18,"minecraft:raw_iron":104,"minecraft:oak_door":5,"minecraft:fire_charge":1,"minecraft:redstone":9,"minecraft:dark_oak_planks":64,"minecraft:stone_shovel":4,"minecraft:arrow":10,"minecraft:diamond_chestplate":1,"minecraft:beetroot_seeds":70,"minecraft:golden_hoe":1,"minecraft:hay_block":77,"minecraft:mutton":79,"minecraft:rail":5,"minecraft:white_wool":50,"minecraft:oxeye_daisy":1,"minecraft:stripped_oak_log":18,"minecraft:salmon":3,"minecraft:leather":37,"minecraft:birch_planks":175,"minecraft:oak_log":2615,"minecraft:golden_boots":2,"minecraft:cobblestone_wall":4,"minecraft:yellow_bed":15,"minecraft:gunpowder":2,"minecraft:cobblestone_stairs":8,"minecraft:paper":6,"minecraft:cooked_mutton":49,"minecraft:apple":27,"minecraft:oak_fence_gate":1,"minecraft:iron_ingot":168,"minecraft:stone_pickaxe":7,"minecraft:cooked_chicken":1,"minecraft:stripped_oak_wood":1,"minecraft:iron_sword":5,"minecraft:acacia_sapling":2,"minecraft:pumpkin":41,"minecraft:dandelion":10,"minecraft:dripstone_block":7,"minecraft:gravel":141,"minecraft:blast_furnace":4,"minecraft:white_bed":35,"minecraft:spruce_log":14,"minecraft:diamond_shovel":1,"minecraft:stone_axe":4,"minecraft:iron_helmet":2,"minecraft:gray_wool":1,"minecraft:melon_seeds":3,"minecraft:coal":135,"minecraft:ender_pearl":2},"minecraft:killed":{"minecraft:cave_spider":3,"minecraft:spider":5,"minecraft:skeleton":8,"minecraft:chicken":32,"minecraft:pig":47,"minecraft:salmon":4,"minecraft:iron_golem":17,"minecraft:sheep":53,"minecraft:zombie":21,"apollyon:the_damned":4,"minecraft:cow":26,"minecraft:horse":1,"minecraft:drowned":2,"minecraft:enderman":2},"minecraft:dropped":{"minecraft:iron_sword":2,"minecraft:birch_planks":3,"minecraft:diamond_axe":1,"minecraft:oak_log":5,"minecraft:rail":2,"minecraft:birch_slab":2,"minecraft:emerald":114,"minecraft:cobblestone_stairs":8,"minecraft:dirt":296,"minecraft:cornflower":2,"minecraft:sand":18,"minecraft:stripped_oak_wood":1,"minecraft:white_wool":18,"minecraft:bone":2,"minecraft:oak_door":5,"minecraft:gravel":30,"minecraft:stone_axe":1,"minecraft:sugar_cane":1,"minecraft:cobbled_deepslate":77,"minecraft:wheat":1,"minecraft:birch_sapling":10,"minecraft:pointed_dripstone":8,"minecraft:rotten_flesh":24,"minecraft:grindstone":2,"minecraft:oak_planks":14,"minecraft:enchanted_golden_apple":1,"minecraft:cooked_mutton":5,"minecraft:white_bed":2,"minecraft:poppy":107,"hallucinatory_plants:marijuana_leaf":32,"minecraft:acacia_sapling":3,"minecraft:lectern":1,"minecraft:egg":2,"minecraft:stone_hoe":2,"minecraft:golden_boots":2,"minecraft:water_bucket":1,"minecraft:iron_ingot":25,"minecraft:bread":220,"minecraft:oak_slab":8,"minecraft:wheat_seeds":48,"minecraft:mossy_cobblestone":28,"minecraft:dripstone_block":8,"minecraft:diamond_leggings":1,"minecraft:oak_fence":35,"minecraft:feather":61,"minecraft:cobblestone":44,"minecraft:apple":2,"minecraft:granite":4,"minecraft:chainmail_helmet":5,"minecraft:stick":35,"minecraft:oxeye_daisy":1,"minecraft:diorite":16,"minecraft:ink_sac":2,"minecraft:torch":56,"minecraft:wooden_axe":1,"minecraft:diamond_helmet":3,"minecraft:iron_leggings":11,"minecraft:oak_stairs":7,"minecraft:iron_axe":15,"minecraft:chainmail_leggings":1,"minecraft:paper":12,"minecraft:string":44,"minecraft:bucket":1,"minecraft:dandelion":10,"minecraft:stone_sword":1,"minecraft:cobblestone_wall":4,"minecraft:raw_copper":8,"minecraft:stone_shovel":2,"minecraft:light_gray_wool":4,"minecraft:iron_boots":1,"minecraft:stripped_oak_log":1,"minecraft:white_terracotta":6,"minecraft:diamond_sword":1,"minecraft:stone":5,"minecraft:shield":4,"minecraft:flower_pot":2,"minecraft:diamond_chestplate":2,"hallucinatory_plants:datura_leaf":1,"minecraft:diamond_pickaxe":1,"minecraft:andesite":31,"minecraft:yellow_bed":3,"minecraft:pink_wool":1,"minecraft:oak_sapling":76,"minecraft:birch_sign":1,"minecraft:spider_eye":1,"minecraft:diamond_boots":1,"minecraft:stone_pickaxe":4,"minecraft:wooden_pickaxe":2},"minecraft:broken":{"minecraft:iron_boots":1,"minecraft:iron_chestplate":1,"minecraft:stone_pickaxe":8,"minecraft:stone_axe":21,"minecraft:iron_sword":1,"minecraft:wooden_axe":1,"minecraft:stone_shovel":8,"minecraft:flint_and_steel":3,"minecraft:shield":1,"minecraft:iron_axe":2,"minecraft:iron_pickaxe":2,"minecraft:iron_helmet":1},"minecraft:mined":{"minecraft:white_bed":27,"minecraft:farmland":3,"minecraft:cobblestone_stairs":9,"minecraft:granite":14,"minecraft:acacia_log":60,"minecraft:grass_block":518,"minecraft:oxeye_daisy":1,"minecraft:spawner":1,"minecraft:smooth_stone":17,"minecraft:tall_seagrass":1,"minecraft:iron_ore":51,"minecraft:cobbled_deepslate":5,"minecraft:fire":12,"minecraft:pumpkin":41,"minecraft:fletching_table":31,"minecraft:deepslate_lapis_ore":6,"minecraft:potted_dandelion":2,"minecraft:pointed_dripstone":6,"minecraft:dirt_path":40,"minecraft:oak_stairs":52,"minecraft:orange_bed":7,"minecraft:deepslate_redstone_ore":2,"minecraft:melon_stem":1,"minecraft:smoker":1,"minecraft:torch":21,"minecraft:poppy":2,"minecraft:blast_furnace":4,"minecraft:melon":23,"minecraft:chest":2,"minecraft:white_stained_glass_pane":4,"minecraft:cobblestone":380,"minecraft:grindstone":6,"minecraft:sugar_cane":296,"minecraft:oak_planks":232,"minecraft:wall_torch":26,"minecraft:white_terracotta":91,"minecraft:acacia_sapling":1,"minecraft:birch_log":518,"minecraft:wheat":199,"minecraft:stripped_oak_wood":1,"minecraft:smooth_stone_slab":13,"minecraft:yellow_stained_glass_pane":5,"minecraft:grass":115,"minecraft:oak_log":2239,"minecraft:beetroots":25,"minecraft:oak_fence_gate":1,"minecraft:sand":18,"minecraft:dirt":674,"minecraft:oak_leaves":443,"minecraft:deepslate":82,"minecraft:tuff":5,"minecraft:mossy_cobblestone":27,"minecraft:deepslate_diamond_ore":23,"minecraft:oak_door":9,"minecraft:dark_oak_log":18,"minecraft:glow_lichen":1,"minecraft:hay_block":29,"minecraft:furnace":7,"minecraft:andesite":35,"minecraft:bell":1,"minecraft:vine":1,"minecraft:deepslate_iron_ore":53,"minecraft:rail":4,"minecraft:stripped_oak_log":18,"minecraft:stone":645,"minecraft:white_wool":1,"minecraft:smithing_table":2,"minecraft:oak_slab":1,"minecraft:acacia_leaves":2,"minecraft:glass_pane":34,"hallucinatory_plants:coca_plant":1,"minecraft:dandelion":10,"minecraft:oak_fence":49,"minecraft:crafting_table":31,"minecraft:cornflower":1,"minecraft:lectern":272,"minecraft:tall_grass":5,"minecraft:copper_ore":2,"minecraft:deepslate_coal_ore":2,"minecraft:diorite":34,"minecraft:birch_planks":57,"hallucinatory_plants:datura_plant":11,"minecraft:cobblestone_wall":4,"hallucinatory_plants:marijuana_plant":8,"minecraft:spruce_log":14,"minecraft:birch_leaves":9,"minecraft:yellow_bed":15,"minecraft:coal_ore":110,"minecraft:gravel":160,"minecraft:dripstone_block":7,"minecraft:cobweb":79,"minecraft:acacia_planks":12,"minecraft:fern":7},"minecraft:used":{"minecraft:chest":15,"minecraft:shield":146,"minecraft:white_terracotta":82,"minecraft:iron_sword":458,"minecraft:bell":3,"minecraft:acacia_sapling":1,"minecraft:milk_bucket":1,"minecraft:lava_bucket":6,"minecraft:furnace":15,"minecraft:beetroot_seeds":78,"minecraft:egg":3,"minecraft:oak_planks":133,"minecraft:stone_pickaxe":1144,"minecraft:wooden_pickaxe":46,"minecraft:sugar_cane":149,"minecraft:white_wool":2,"minecraft:glow_berries":15,"minecraft:blast_furnace":9,"minecraft:pumpkin_seeds":4,"minecraft:bread":18,"minecraft:brown_wool":1,"minecraft:lectern":276,"minecraft:gravel":115,"minecraft:grindstone":6,"minecraft:smithing_table":3,"minecraft:smooth_stone_slab":24,"minecraft:oak_fence":127,"minecraft:stone_sword":73,"minecraft:acacia_log":9,"minecraft:flint_and_steel":192,"minecraft:stone_shovel":1053,"minecraft:cooked_salmon":1,"minecraft:cooked_chicken":5,"minecraft:stone_hoe":213,"minecraft:orange_bed":7,"minecraft:torch":522,"minecraft:dirt":1085,"minecraft:anvil":1,"minecraft:oak_fence_gate":3,"minecraft:wooden_axe":83,"minecraft:iron_axe":1655,"minecraft:melon_seeds":3,"minecraft:light_gray_wool":1,"minecraft:cooked_beef":4,"minecraft:cobbled_deepslate":2,"minecraft:acacia_planks":34,"minecraft:wheat_seeds":269,"minecraft:cooked_mutton":64,"minecraft:water_bucket":26,"minecraft:birch_planks":417,"minecraft:fletching_table":35,"minecraft:salmon":2,"minecraft:crafting_table":34,"minecraft:white_bed":45,"minecraft:smoker":5,"minecraft:oak_log":97,"minecraft:apple":10,"minecraft:diamond_shovel":220,"minecraft:iron_pickaxe":510,"hallucinatory_plants:datura_leaf":1,"minecraft:stone_axe":2819,"minecraft:cobblestone":134,"minecraft:cooked_porkchop":38,"minecraft:bucket":34,"minecraft:pumpkin_pie":3,"minecraft:yellow_bed":12,"minecraft:wither_rose":1,"minecraft:gray_wool":1},"minecraft:killed_by":{"minecraft:zombie":1,"minecraft:husk":2,"minecraft:player":1,"minecraft:iron_golem":1},"minecraft:custom":{"minecraft:animals_bred":2,"minecraft:interact_with_crafting_table":160,"minecraft:bell_ring":14,"minecraft:leave_game":15,"minecraft:time_since_death":48852,"minecraft:sprint_one_cm":2748361,"minecraft:damage_blocked_by_shield":6929,"minecraft:drop":404,"minecraft:talked_to_villager":521,"minecraft:play_time":1102027,"minecraft:deaths":6,"minecraft:jump":9419,"minecraft:walk_on_water_one_cm":77141,"minecraft:interact_with_furnace":117,"minecraft:traded_with_villager":580,"minecraft:sleep_in_bed":84,"minecraft:damage_dealt":43950,"minecraft:player_kills":6,"minecraft:crouch_one_cm":27812,"minecraft:interact_with_smoker":22,"minecraft:mob_kills":231,"minecraft:interact_with_anvil":3,"minecraft:climb_one_cm":1696,"minecraft:walk_one_cm":2743133,"minecraft:sneak_time":12976,"minecraft:walk_under_water_one_cm":36048,"minecraft:interact_with_blast_furnace":6,"minecraft:total_world_time":1102027,"minecraft:interact_with_grindstone":2,"minecraft:time_since_rest":497,"minecraft:damage_taken":12521,"minecraft:swim_one_cm":73034,"minecraft:fly_one_cm":1732672,"minecraft:open_chest":558,"minecraft:fall_one_cm":213043}},"DataVersion":3465}