{"stats":{"minecraft:broken":{"minecraft:stone_pickaxe":1,"minecraft:stone_axe":4,"minecraft:wooden_axe":1},"minecraft:used":{"minecraft:oak_fence":3,"minecraft:stone_sword":61,"minecraft:acacia_log":6,"minecraft:stone_shovel":69,"minecraft:chest":3,"minecraft:shield":41,"minecraft:iron_sword":49,"minecraft:cooked_salmon":1,"minecraft:cooked_chicken":4,"minecraft:torch":279,"minecraft:wooden_axe":83,"minecraft:light_gray_wool":1,"minecraft:furnace":7,"minecraft:egg":3,"minecraft:cooked_beef":4,"minecraft:acacia_planks":34,"minecraft:cooked_mutton":22,"minecraft:water_bucket":9,"minecraft:oak_planks":102,"minecraft:stone_pickaxe":223,"minecraft:wooden_pickaxe":46,"minecraft:sugar_cane":30,"minecraft:crafting_table":21,"minecraft:white_bed":5,"minecraft:oak_log":13,"minecraft:apple":1,"minecraft:iron_pickaxe":111,"minecraft:gravel":61,"minecraft:stone_axe":586,"minecraft:cobblestone":97,"minecraft:bucket":10,"minecraft:yellow_bed":1,"minecraft:gray_wool":1},"minecraft:mined":{"minecraft:tuff":5,"minecraft:white_bed":5,"minecraft:deepslate_diamond_ore":17,"minecraft:glow_lichen":1,"minecraft:acacia_log":60,"minecraft:grass_block":1,"minecraft:hay_block":29,"minecraft:smooth_stone":1,"minecraft:furnace":6,"minecraft:iron_ore":33,"minecraft:deepslate_lapis_ore":6,"minecraft:pointed_dripstone":5,"minecraft:deepslate_iron_ore":53,"minecraft:rail":3,"minecraft:stone":126,"minecraft:deepslate_redstone_ore":2,"minecraft:acacia_leaves":2,"minecraft:smoker":1,"minecraft:oak_fence":7,"minecraft:crafting_table":18,"minecraft:torch":5,"minecraft:tall_grass":2,"minecraft:copper_ore":2,"minecraft:cobblestone":11,"minecraft:deepslate_coal_ore":2,"minecraft:sugar_cane":15,"minecraft:oak_planks":51,"minecraft:wall_torch":4,"minecraft:yellow_bed":4,"minecraft:smooth_stone_slab":11,"minecraft:grass":29,"minecraft:oak_log":364,"minecraft:coal_ore":67,"minecraft:dripstone_block":7,"minecraft:gravel":74,"minecraft:sand":2,"minecraft:cobweb":23,"minecraft:acacia_planks":12,"minecraft:oak_leaves":25,"minecraft:deepslate":22},"minecraft:killed_by":{"minecraft:husk":1,"minecraft:player":1,"minecraft:zombie":1},"minecraft:crafted":{"minecraft:oak_planks":256,"minecraft:stone_shovel":1,"minecraft:cooked_chicken":4,"minecraft:furnace":1,"minecraft:cooked_mutton":32,"minecraft:iron_boots":2,"minecraft:stone_pickaxe":2,"minecraft:chest":3,"minecraft:cooked_beef":4,"minecraft:cooked_porkchop":16,"minecraft:crafting_table":3,"minecraft:wooden_pickaxe":1,"minecraft:iron_helmet":1,"minecraft:iron_sword":1,"minecraft:bucket":1,"minecraft:stone_axe":6,"minecraft:air":0,"minecraft:iron_chestplate":1,"minecraft:shield":3,"minecraft:stick":112,"minecraft:iron_ingot":33,"minecraft:iron_pickaxe":1,"minecraft:wooden_axe":2,"minecraft:stone_sword":1,"minecraft:iron_leggings":1,"minecraft:white_bed":2,"minecraft:acacia_planks":164,"minecraft:torch":276},"minecraft:killed":{"minecraft:spider":3,"minecraft:skeleton":7,"minecraft:chicken":5,"minecraft:pig":11,"minecraft:salmon":1,"minecraft:iron_golem":2,"minecraft:sheep":24,"minecraft:zombie":14,"minecraft:cow":4,"minecraft:enderman":2},"minecraft:custom":{"minecraft:mob_kills":77,"minecraft:interact_with_crafting_table":42,"minecraft:leave_game":3,"minecraft:time_since_death":161006,"minecraft:climb_one_cm":376,"minecraft:sprint_one_cm":597052,"minecraft:walk_one_cm":505040,"minecraft:damage_blocked_by_shield":1705,"minecraft:drop":43,"minecraft:talked_to_villager":4,"minecraft:play_time":249855,"minecraft:deaths":3,"minecraft:sneak_time":5778,"minecraft:walk_under_water_one_cm":23346,"minecraft:jump":1986,"minecraft:walk_on_water_one_cm":32747,"minecraft:total_world_time":249855,"minecraft:interact_with_furnace":42,"minecraft:sleep_in_bed":10,"minecraft:time_since_rest":34336,"minecraft:damage_taken":4585,"minecraft:damage_dealt":11427,"minecraft:swim_one_cm":25593,"minecraft:fly_one_cm":266547,"minecraft:player_kills":1,"minecraft:open_chest":41,"minecraft:crouch_one_cm":11948,"minecraft:interact_with_smoker":6,"minecraft:fall_one_cm":44371},"minecraft:picked_up":{"minecraft:crafting_table":19,"minecraft:chicken":5,"minecraft:wooden_pickaxe":1,"minecraft:cornflower":2,"minecraft:string":34,"minecraft:raw_copper":8,"minecraft:cooked_salmon":2,"minecraft:smooth_stone_slab":22,"minecraft:cobbled_deepslate":30,"minecraft:smooth_stone":1,"minecraft:beef":4,"minecraft:poppy":2,"minecraft:light_gray_wool":4,"minecraft:enchanted_golden_apple":1,"minecraft:sugar_cane":31,"minecraft:furnace":7,"minecraft:egg":6,"minecraft:stick":5,"minecraft:raw_iron":86,"minecraft:oak_fence":8,"minecraft:torch":12,"minecraft:acacia_log":58,"minecraft:porkchop":25,"minecraft:pointed_dripstone":8,"minecraft:redstone":9,"minecraft:stone_sword":1,"minecraft:arrow":8,"minecraft:rotten_flesh":11,"minecraft:hay_block":58,"minecraft:mutton":36,"minecraft:rail":5,"minecraft:white_wool":21,"minecraft:cobblestone":182,"minecraft:feather":10,"minecraft:cooked_beef":4,"minecraft:salmon":1,"minecraft:leather":7,"minecraft:smoker":1,"minecraft:flint":9,"minecraft:tuff":3,"minecraft:oak_log":426,"minecraft:yellow_bed":4,"minecraft:lapis_lazuli":36,"minecraft:cooked_mutton":27,"minecraft:bone":3,"minecraft:acacia_planks":29,"minecraft:apple":1,"minecraft:wheat_seeds":3,"minecraft:stone_pickaxe":1,"minecraft:iron_ingot":61,"minecraft:cooked_chicken":1,"minecraft:acacia_sapling":1,"minecraft:oak_planks":276,"minecraft:cooked_porkchop":34,"minecraft:dripstone_block":7,"minecraft:gravel":61,"minecraft:ink_sac":1,"minecraft:white_bed":6,"minecraft:diamond":17,"minecraft:gray_wool":1,"minecraft:oak_sapling":3,"minecraft:coal":92,"minecraft:ender_pearl":2},"minecraft:dropped":{"minecraft:iron_ingot":1,"minecraft:wheat_seeds":2,"minecraft:oak_log":5,"minecraft:dripstone_block":7,"minecraft:oak_fence":5,"minecraft:feather":9,"minecraft:rail":2,"minecraft:ink_sac":1,"minecraft:torch":56,"minecraft:cornflower":2,"minecraft:wooden_axe":1,"minecraft:white_wool":1,"minecraft:bone":2,"minecraft:cobbled_deepslate":20,"minecraft:raw_copper":8,"minecraft:pointed_dripstone":2,"minecraft:rotten_flesh":6,"minecraft:light_gray_wool":3,"minecraft:iron_boots":1,"minecraft:enchanted_golden_apple":1,"minecraft:white_bed":2,"minecraft:poppy":2,"minecraft:shield":1,"minecraft:yellow_bed":3,"minecraft:oak_sapling":3,"minecraft:wooden_pickaxe":2,"minecraft:egg":2}},"DataVersion":3465}