{"stats":{"minecraft:broken":{"minecraft:stone_pickaxe":4,"minecraft:stone_axe":7,"minecraft:iron_sword":1,"minecraft:wooden_axe":1,"minecraft:stone_shovel":1},"minecraft:picked_up":{"minecraft:crafting_table":26,"minecraft:chicken":18,"minecraft:smithing_table":1,"minecraft:wooden_pickaxe":1,"minecraft:pink_wool":1,"minecraft:wither_rose":3,"minecraft:shield":1,"minecraft:cornflower":2,"minecraft:string":94,"minecraft:raw_copper":8,"minecraft:iron_axe":1,"minecraft:cooked_salmon":2,"minecraft:smooth_stone_slab":22,"minecraft:iron_leggings":5,"minecraft:smooth_stone":1,"minecraft:cobbled_deepslate":106,"minecraft:beef":13,"minecraft:poppy":2,"minecraft:iron_pickaxe":1,"minecraft:light_gray_wool":5,"minecraft:enchanted_golden_apple":1,"minecraft:sugar_cane":31,"minecraft:furnace":7,"minecraft:iron_boots":1,"minecraft:egg":9,"minecraft:stick":22,"minecraft:raw_iron":89,"minecraft:oak_door":2,"minecraft:oak_fence":11,"minecraft:torch":26,"minecraft:acacia_log":58,"minecraft:porkchop":58,"minecraft:pointed_dripstone":16,"minecraft:diorite":33,"minecraft:redstone":9,"minecraft:stone_shovel":1,"minecraft:stone_sword":1,"minecraft:arrow":8,"minecraft:rotten_flesh":14,"minecraft:hay_block":58,"minecraft:mutton":60,"minecraft:birch_log":6,"minecraft:rail":5,"minecraft:white_wool":36,"minecraft:cobblestone":464,"minecraft:feather":21,"minecraft:cooked_beef":4,"minecraft:andesite":16,"minecraft:salmon":3,"minecraft:leather":9,"minecraft:smoker":1,"minecraft:flint":10,"minecraft:tuff":3,"minecraft:oak_log":603,"minecraft:yellow_bed":4,"minecraft:cobblestone_stairs":1,"minecraft:lapis_lazuli":36,"minecraft:dirt":178,"minecraft:cooked_mutton":27,"minecraft:bone":3,"minecraft:acacia_planks":29,"minecraft:apple":1,"minecraft:wheat_seeds":10,"minecraft:iron_ingot":83,"minecraft:stone_pickaxe":1,"minecraft:cooked_chicken":1,"minecraft:fletching_table":6,"minecraft:iron_sword":1,"minecraft:oak_planks":311,"minecraft:acacia_sapling":1,"minecraft:cooked_porkchop":34,"minecraft:pumpkin":41,"minecraft:dripstone_block":7,"minecraft:gravel":85,"minecraft:sand":12,"minecraft:ink_sac":1,"minecraft:white_bed":13,"minecraft:spruce_log":14,"minecraft:dark_oak_log":18,"minecraft:mossy_cobblestone":5,"minecraft:diamond":23,"minecraft:granite":12,"minecraft:gray_wool":1,"minecraft:oak_sapling":6,"minecraft:coal":129,"minecraft:ender_pearl":2},"minecraft:killed":{"minecraft:cave_spider":3,"minecraft:spider":4,"minecraft:skeleton":7,"minecraft:chicken":18,"minecraft:drowned":1,"minecraft:pig":28,"minecraft:salmon":4,"minecraft:iron_golem":2,"minecraft:sheep":41,"minecraft:zombie":17,"apollyon:the_damned":4,"minecraft:enderman":2,"minecraft:cow":8},"minecraft:dropped":{"minecraft:iron_ingot":1,"minecraft:iron_sword":1,"minecraft:wheat_seeds":9,"minecraft:oak_log":5,"minecraft:mossy_cobblestone":5,"minecraft:dripstone_block":7,"minecraft:feather":21,"minecraft:oak_fence":5,"minecraft:rail":2,"minecraft:diorite":14,"minecraft:ink_sac":1,"minecraft:torch":56,"minecraft:cornflower":2,"minecraft:wooden_axe":1,"minecraft:iron_leggings":5,"minecraft:sand":12,"minecraft:string":12,"minecraft:white_wool":11,"minecraft:bone":2,"minecraft:oak_door":2,"minecraft:sugar_cane":1,"minecraft:cobbled_deepslate":77,"minecraft:raw_copper":8,"minecraft:stone_shovel":1,"minecraft:pointed_dripstone":3,"minecraft:rotten_flesh":11,"minecraft:light_gray_wool":4,"minecraft:iron_boots":1,"minecraft:enchanted_golden_apple":1,"minecraft:cooked_mutton":5,"minecraft:white_bed":2,"minecraft:poppy":2,"minecraft:stone":5,"minecraft:shield":1,"minecraft:pink_wool":1,"minecraft:andesite":12,"minecraft:yellow_bed":3,"minecraft:oak_sapling":3,"minecraft:acacia_sapling":1,"minecraft:wooden_pickaxe":2,"minecraft:egg":2},"minecraft:used":{"minecraft:oak_fence":3,"minecraft:stone_sword":61,"minecraft:acacia_log":9,"minecraft:stone_shovel":248,"minecraft:chest":6,"minecraft:shield":65,"minecraft:iron_sword":211,"minecraft:cooked_salmon":1,"minecraft:cooked_chicken":5,"minecraft:torch":429,"minecraft:dirt":130,"minecraft:wooden_axe":83,"minecraft:light_gray_wool":1,"minecraft:furnace":9,"minecraft:egg":3,"minecraft:cooked_beef":4,"minecraft:cobbled_deepslate":2,"minecraft:acacia_planks":34,"minecraft:cooked_mutton":27,"minecraft:water_bucket":10,"minecraft:oak_planks":116,"minecraft:stone_pickaxe":579,"minecraft:wooden_pickaxe":46,"minecraft:sugar_cane":30,"minecraft:fletching_table":10,"minecraft:salmon":2,"minecraft:crafting_table":28,"minecraft:white_bed":12,"minecraft:oak_log":13,"minecraft:apple":1,"minecraft:bread":4,"minecraft:iron_pickaxe":231,"minecraft:gravel":85,"minecraft:stone_axe":910,"minecraft:cobblestone":105,"minecraft:smithing_table":2,"minecraft:cooked_porkchop":12,"minecraft:bucket":11,"minecraft:yellow_bed":1,"minecraft:wither_rose":1,"minecraft:gray_wool":1},"minecraft:custom":{"minecraft:mob_kills":143,"minecraft:interact_with_crafting_table":77,"minecraft:leave_game":7,"minecraft:time_since_death":336992,"minecraft:climb_one_cm":902,"minecraft:sprint_one_cm":1068960,"minecraft:walk_one_cm":922435,"minecraft:damage_blocked_by_shield":2845,"minecraft:drop":77,"minecraft:talked_to_villager":48,"minecraft:play_time":425841,"minecraft:sneak_time":6672,"minecraft:deaths":3,"minecraft:walk_under_water_one_cm":28910,"minecraft:jump":3477,"minecraft:walk_on_water_one_cm":47590,"minecraft:total_world_time":425841,"minecraft:interact_with_furnace":64,"minecraft:traded_with_villager":196,"minecraft:sleep_in_bed":17,"minecraft:time_since_rest":7810,"minecraft:damage_taken":5639,"minecraft:damage_dealt":21130,"minecraft:player_kills":4,"minecraft:swim_one_cm":47176,"minecraft:fly_one_cm":501866,"minecraft:open_chest":92,"minecraft:crouch_one_cm":13256,"minecraft:interact_with_smoker":6,"minecraft:fall_one_cm":74586},"minecraft:mined":{"minecraft:tuff":5,"minecraft:white_bed":9,"minecraft:mossy_cobblestone":5,"minecraft:deepslate_diamond_ore":23,"minecraft:cobblestone_stairs":1,"minecraft:dark_oak_log":18,"minecraft:glow_lichen":1,"minecraft:granite":11,"minecraft:acacia_log":60,"minecraft:grass_block":115,"minecraft:spawner":1,"minecraft:hay_block":29,"minecraft:smooth_stone":1,"minecraft:furnace":6,"minecraft:iron_ore":36,"minecraft:cobbled_deepslate":5,"minecraft:andesite":22,"minecraft:pumpkin":41,"minecraft:deepslate_lapis_ore":6,"minecraft:fletching_table":6,"minecraft:pointed_dripstone":6,"minecraft:deepslate_iron_ore":53,"minecraft:rail":4,"minecraft:stone":284,"minecraft:smithing_table":1,"minecraft:deepslate_redstone_ore":2,"minecraft:acacia_leaves":2,"minecraft:glass_pane":6,"minecraft:smoker":1,"minecraft:oak_fence":11,"minecraft:crafting_table":25,"minecraft:torch":5,"minecraft:copper_ore":2,"minecraft:tall_grass":3,"minecraft:deepslate_coal_ore":2,"minecraft:cobblestone":129,"minecraft:oak_planks":52,"minecraft:sugar_cane":15,"minecraft:wall_torch":9,"minecraft:diorite":32,"minecraft:birch_log":6,"minecraft:spruce_log":14,"minecraft:yellow_bed":4,"minecraft:smooth_stone_slab":11,"minecraft:grass":43,"minecraft:oak_log":509,"minecraft:coal_ore":104,"minecraft:gravel":99,"minecraft:dirt":69,"minecraft:sand":15,"minecraft:dripstone_block":7,"minecraft:cobweb":79,"minecraft:acacia_planks":12,"minecraft:oak_leaves":39,"minecraft:deepslate":82,"minecraft:fern":1},"minecraft:killed_by":{"minecraft:husk":1,"minecraft:player":1,"minecraft:zombie":1},"minecraft:crafted":{"minecraft:oak_planks":2612,"minecraft:chainmail_helmet":8,"minecraft:stone_shovel":10,"minecraft:cooked_chicken":5,"minecraft:furnace":3,"minecraft:stone":5,"minecraft:cooked_mutton":32,"minecraft:bow":1,"minecraft:iron_boots":2,"minecraft:stone_pickaxe":5,"minecraft:chest":6,"minecraft:dark_oak_planks":72,"minecraft:stone_hoe":4,"minecraft:chainmail_leggings":12,"minecraft:cooked_beef":4,"minecraft:arrow":16,"minecraft:emerald":150,"minecraft:cooked_porkchop":16,"minecraft:crafting_table":4,"minecraft:spruce_planks":56,"minecraft:wooden_pickaxe":1,"minecraft:iron_helmet":1,"minecraft:iron_sword":2,"minecraft:smithing_table":1,"minecraft:fletching_table":4,"minecraft:bucket":1,"minecraft:birch_planks":24,"minecraft:stone_axe":9,"minecraft:air":0,"minecraft:iron_chestplate":1,"minecraft:shield":3,"minecraft:stick":4793,"minecraft:iron_ingot":41,"minecraft:iron_pickaxe":1,"minecraft:wooden_axe":2,"minecraft:stone_sword":1,"minecraft:iron_leggings":13,"minecraft:white_bed":3,"minecraft:acacia_planks":176,"minecraft:torch":432}},"DataVersion":3465}