{"stats":{"minecraft:mined":{"minecraft:tuff":5,"minecraft:white_bed":5,"minecraft:deepslate_diamond_ore":17,"minecraft:glow_lichen":1,"minecraft:acacia_log":53,"minecraft:grass_block":1,"minecraft:hay_block":29,"minecraft:smooth_stone":1,"minecraft:furnace":5,"minecraft:iron_ore":33,"minecraft:deepslate_lapis_ore":6,"minecraft:pointed_dripstone":5,"minecraft:deepslate_iron_ore":53,"minecraft:rail":3,"minecraft:stone":126,"minecraft:deepslate_redstone_ore":2,"minecraft:acacia_leaves":1,"minecraft:smoker":1,"minecraft:oak_fence":7,"minecraft:crafting_table":16,"minecraft:torch":4,"minecraft:tall_grass":2,"minecraft:copper_ore":2,"minecraft:cobblestone":4,"minecraft:deepslate_coal_ore":2,"minecraft:oak_planks":19,"minecraft:wall_torch":3,"minecraft:yellow_bed":4,"minecraft:smooth_stone_slab":11,"minecraft:grass":22,"minecraft:oak_log":363,"minecraft:coal_ore":67,"minecraft:dripstone_block":7,"minecraft:gravel":74,"minecraft:sand":2,"minecraft:cobweb":23,"minecraft:acacia_planks":12,"minecraft:oak_leaves":25,"minecraft:deepslate":22},"minecraft:killed":{"minecraft:spider":3,"minecraft:skeleton":7,"minecraft:chicken":4,"minecraft:pig":11,"minecraft:salmon":1,"minecraft:iron_golem":2,"minecraft:sheep":22,"minecraft:zombie":12,"minecraft:cow":4,"minecraft:enderman":2},"minecraft:broken":{"minecraft:stone_pickaxe":1,"minecraft:stone_axe":3,"minecraft:wooden_axe":1},"minecraft:custom":{"minecraft:mob_kills":72,"minecraft:interact_with_crafting_table":39,"minecraft:leave_game":3,"minecraft:time_since_death":119135,"minecraft:climb_one_cm":376,"minecraft:sprint_one_cm":498888,"minecraft:walk_one_cm":438549,"minecraft:damage_blocked_by_shield":770,"minecraft:drop":42,"minecraft:talked_to_villager":2,"minecraft:play_time":207984,"minecraft:deaths":3,"minecraft:sneak_time":3574,"minecraft:walk_under_water_one_cm":18759,"minecraft:jump":1728,"minecraft:walk_on_water_one_cm":23692,"minecraft:total_world_time":207984,"minecraft:interact_with_furnace":41,"minecraft:sleep_in_bed":8,"minecraft:time_since_rest":5690,"minecraft:damage_taken":4302,"minecraft:damage_dealt":10837,"minecraft:swim_one_cm":10193,"minecraft:fly_one_cm":228444,"minecraft:player_kills":1,"minecraft:open_chest":33,"minecraft:crouch_one_cm":7576,"minecraft:interact_with_smoker":6,"minecraft:fall_one_cm":38811},"minecraft:picked_up":{"minecraft:crafting_table":17,"minecraft:chicken":4,"minecraft:wooden_pickaxe":1,"minecraft:cornflower":2,"minecraft:string":34,"minecraft:raw_copper":8,"minecraft:cooked_salmon":2,"minecraft:smooth_stone_slab":22,"minecraft:cobbled_deepslate":30,"minecraft:smooth_stone":1,"minecraft:beef":4,"minecraft:poppy":2,"minecraft:light_gray_wool":4,"minecraft:enchanted_golden_apple":1,"minecraft:furnace":6,"minecraft:egg":6,"minecraft:stick":5,"minecraft:raw_iron":86,"minecraft:oak_fence":8,"minecraft:torch":10,"minecraft:acacia_log":52,"minecraft:porkchop":25,"minecraft:pointed_dripstone":8,"minecraft:redstone":9,"minecraft:stone_sword":1,"minecraft:arrow":8,"minecraft:rotten_flesh":9,"minecraft:hay_block":58,"minecraft:mutton":32,"minecraft:rail":5,"minecraft:white_wool":19,"minecraft:cobblestone":175,"minecraft:feather":9,"minecraft:cooked_beef":4,"minecraft:salmon":1,"minecraft:leather":7,"minecraft:smoker":1,"minecraft:flint":9,"minecraft:tuff":3,"minecraft:oak_log":425,"minecraft:yellow_bed":4,"minecraft:lapis_lazuli":36,"minecraft:cooked_mutton":27,"minecraft:bone":3,"minecraft:acacia_planks":29,"minecraft:apple":1,"minecraft:wheat_seeds":3,"minecraft:stone_pickaxe":1,"minecraft:iron_ingot":20,"minecraft:cooked_chicken":1,"minecraft:oak_planks":246,"minecraft:cooked_porkchop":34,"minecraft:gravel":61,"minecraft:dripstone_block":7,"minecraft:white_bed":6,"minecraft:diamond":17,"minecraft:gray_wool":1,"minecraft:oak_sapling":3,"minecraft:coal":89,"minecraft:ender_pearl":2},"minecraft:dropped":{"minecraft:iron_ingot":1,"minecraft:wheat_seeds":2,"minecraft:oak_log":5,"minecraft:dripstone_block":7,"minecraft:oak_fence":5,"minecraft:feather":9,"minecraft:rail":2,"minecraft:torch":56,"minecraft:cornflower":2,"minecraft:wooden_axe":1,"minecraft:white_wool":1,"minecraft:bone":2,"minecraft:cobbled_deepslate":20,"minecraft:raw_copper":8,"minecraft:pointed_dripstone":2,"minecraft:rotten_flesh":6,"minecraft:light_gray_wool":3,"minecraft:iron_boots":1,"minecraft:enchanted_golden_apple":1,"minecraft:white_bed":2,"minecraft:poppy":2,"minecraft:shield":1,"minecraft:yellow_bed":3,"minecraft:oak_sapling":3,"minecraft:wooden_pickaxe":2,"minecraft:egg":2},"minecraft:crafted":{"minecraft:oak_planks":252,"minecraft:stone_shovel":1,"minecraft:cooked_chicken":4,"minecraft:furnace":1,"minecraft:cooked_mutton":32,"minecraft:iron_boots":2,"minecraft:stone_pickaxe":2,"minecraft:chest":3,"minecraft:cooked_beef":4,"minecraft:cooked_porkchop":16,"minecraft:crafting_table":2,"minecraft:wooden_pickaxe":1,"minecraft:iron_helmet":1,"minecraft:iron_sword":1,"minecraft:bucket":1,"minecraft:stone_axe":5,"minecraft:air":0,"minecraft:iron_chestplate":1,"minecraft:shield":3,"minecraft:stick":112,"minecraft:iron_ingot":33,"minecraft:iron_pickaxe":1,"minecraft:wooden_axe":2,"minecraft:stone_sword":1,"minecraft:iron_leggings":1,"minecraft:white_bed":1,"minecraft:acacia_planks":164,"minecraft:torch":276},"minecraft:killed_by":{"minecraft:husk":1,"minecraft:player":1,"minecraft:zombie":1},"minecraft:used":{"minecraft:oak_fence":3,"minecraft:stone_sword":61,"minecraft:acacia_log":6,"minecraft:stone_shovel":69,"minecraft:chest":3,"minecraft:shield":30,"minecraft:iron_sword":40,"minecraft:cooked_salmon":1,"minecraft:cooked_chicken":3,"minecraft:torch":270,"minecraft:wooden_axe":83,"minecraft:light_gray_wool":1,"minecraft:furnace":6,"minecraft:egg":3,"minecraft:acacia_planks":34,"minecraft:cooked_mutton":22,"minecraft:water_bucket":7,"minecraft:oak_planks":44,"minecraft:stone_pickaxe":223,"minecraft:wooden_pickaxe":46,"minecraft:crafting_table":18,"minecraft:white_bed":4,"minecraft:oak_log":13,"minecraft:iron_pickaxe":103,"minecraft:gravel":61,"minecraft:stone_axe":534,"minecraft:cobblestone":67,"minecraft:bucket":8,"minecraft:yellow_bed":1,"minecraft:gray_wool":1}},"DataVersion":3465}