{"stats":{"minecraft:crafted":{"minecraft:oak_planks":3028,"minecraft:chainmail_helmet":12,"minecraft:cooked_chicken":5,"minecraft:stone":5,"minecraft:diamond_shovel":3,"minecraft:bookshelf":4,"minecraft:cooked_mutton":63,"minecraft:diamond_helmet":2,"minecraft:bow":1,"minecraft:diamond_leggings":2,"minecraft:iron_boots":2,"minecraft:chest":8,"minecraft:stone_hoe":4,"minecraft:oak_slab":24,"minecraft:arrow":16,"minecraft:emerald":185,"minecraft:cooked_porkchop":37,"minecraft:crafting_table":4,"minecraft:spruce_planks":56,"minecraft:wooden_pickaxe":1,"minecraft:iron_helmet":1,"minecraft:smithing_table":1,"minecraft:fletching_table":4,"minecraft:birch_planks":24,"minecraft:lectern":4,"minecraft:iron_chestplate":1,"minecraft:book":17,"minecraft:paper":366,"minecraft:shield":4,"minecraft:stick":5417,"minecraft:iron_ingot":41,"minecraft:iron_pickaxe":1,"minecraft:stone_sword":1,"minecraft:stone_shovel":10,"minecraft:furnace":3,"minecraft:flint_and_steel":3,"minecraft:iron_axe":3,"minecraft:stone_pickaxe":7,"minecraft:diamond_boots":2,"minecraft:dark_oak_planks":72,"minecraft:chainmail_leggings":12,"minecraft:wheat":432,"minecraft:cooked_beef":13,"minecraft:sugar":11,"minecraft:iron_sword":2,"minecraft:bucket":1,"minecraft:stone_axe":20,"minecraft:enchanted_book":3,"minecraft:bread":174,"minecraft:air":0,"minecraft:wooden_axe":2,"minecraft:iron_leggings":13,"minecraft:white_bed":12,"minecraft:pumpkin_pie":3,"minecraft:acacia_planks":176,"minecraft:torch":432,"minecraft:diamond_chestplate":2},"minecraft:picked_up":{"minecraft:iron_chestplate":2,"minecraft:wheat":118,"minecraft:flower_pot":2,"minecraft:smithing_table":1,"minecraft:oak_stairs":8,"minecraft:wither_rose":3,"minecraft:string":94,"minecraft:raw_copper":8,"minecraft:cooked_salmon":2,"minecraft:smooth_stone_slab":24,"minecraft:iron_leggings":6,"minecraft:beetroot":24,"minecraft:cobbled_deepslate":106,"minecraft:smooth_stone":15,"minecraft:bucket":1,"minecraft:iron_pickaxe":1,"minecraft:enchanted_golden_apple":1,"minecraft:furnace":7,"minecraft:iron_boots":2,"minecraft:stick":191,"minecraft:oak_fence":11,"minecraft:torch":71,"minecraft:acacia_log":58,"minecraft:porkchop":62,"minecraft:pointed_dripstone":16,"minecraft:diorite":35,"minecraft:orange_bed":5,"minecraft:stone_sword":1,"minecraft:rotten_flesh":16,"minecraft:cobblestone":762,"minecraft:birch_log":316,"minecraft:feather":29,"minecraft:cooked_beef":4,"minecraft:water_bucket":1,"minecraft:andesite":16,"minecraft:brown_wool":1,"minecraft:smoker":1,"minecraft:flint":33,"minecraft:tuff":3,"hallucinatory_plants:datura_leaf":16,"minecraft:lapis_lazuli":36,"minecraft:dirt":532,"minecraft:bone":3,"minecraft:acacia_planks":29,"minecraft:wheat_seeds":457,"minecraft:grindstone":4,"minecraft:diamond_helmet":1,"minecraft:fletching_table":10,"minecraft:stone_hoe":1,"minecraft:oak_planks":327,"minecraft:cooked_porkchop":55,"minecraft:sand":15,"minecraft:ink_sac":1,"minecraft:dark_oak_log":18,"minecraft:mossy_cobblestone":25,"minecraft:diamond":23,"minecraft:granite":12,"minecraft:emerald":10,"minecraft:bread":29,"minecraft:oak_sapling":121,"minecraft:crafting_table":29,"minecraft:chicken":20,"minecraft:wooden_pickaxe":1,"minecraft:pink_wool":1,"minecraft:shield":2,"minecraft:cornflower":2,"minecraft:iron_axe":2,"minecraft:flint_and_steel":2,"minecraft:beef":24,"minecraft:poppy":2,"minecraft:light_gray_wool":5,"minecraft:lectern":198,"minecraft:sugar_cane":537,"minecraft:birch_sapling":17,"minecraft:egg":11,"minecraft:raw_iron":89,"minecraft:oak_door":3,"minecraft:redstone":9,"minecraft:dark_oak_planks":64,"minecraft:stone_shovel":3,"minecraft:arrow":8,"minecraft:diamond_chestplate":1,"minecraft:beetroot_seeds":70,"minecraft:hay_block":77,"minecraft:mutton":76,"minecraft:white_wool":48,"minecraft:rail":5,"minecraft:stripped_oak_log":17,"minecraft:salmon":3,"minecraft:leather":20,"minecraft:oak_log":1930,"minecraft:gunpowder":2,"minecraft:yellow_bed":6,"minecraft:cobblestone_wall":2,"minecraft:cobblestone_stairs":6,"minecraft:cooked_mutton":49,"minecraft:apple":19,"minecraft:iron_ingot":93,"minecraft:stone_pickaxe":3,"minecraft:cooked_chicken":1,"minecraft:iron_sword":2,"minecraft:acacia_sapling":2,"minecraft:pumpkin":41,"minecraft:dandelion":3,"minecraft:dripstone_block":7,"minecraft:gravel":141,"minecraft:spruce_log":14,"minecraft:blast_furnace":1,"minecraft:white_bed":18,"minecraft:stone_axe":3,"minecraft:iron_helmet":2,"minecraft:gray_wool":1,"minecraft:melon_seeds":3,"minecraft:coal":129,"minecraft:ender_pearl":2},"minecraft:killed":{"minecraft:cave_spider":3,"minecraft:spider":4,"minecraft:skeleton":7,"minecraft:chicken":20,"minecraft:pig":31,"minecraft:salmon":4,"minecraft:iron_golem":3,"minecraft:sheep":51,"minecraft:zombie":17,"apollyon:the_damned":4,"minecraft:cow":15,"minecraft:drowned":1,"minecraft:enderman":2},"minecraft:dropped":{"minecraft:iron_sword":1,"minecraft:oak_log":5,"minecraft:rail":2,"minecraft:cobblestone_stairs":5,"minecraft:dirt":1,"minecraft:cornflower":2,"minecraft:sand":14,"minecraft:white_wool":18,"minecraft:bone":2,"minecraft:oak_door":3,"minecraft:sugar_cane":1,"minecraft:cobbled_deepslate":77,"minecraft:birch_sapling":9,"minecraft:pointed_dripstone":3,"minecraft:rotten_flesh":13,"minecraft:grindstone":2,"minecraft:oak_planks":2,"minecraft:enchanted_golden_apple":1,"minecraft:cooked_mutton":5,"minecraft:white_bed":2,"minecraft:poppy":2,"minecraft:acacia_sapling":2,"minecraft:egg":2,"minecraft:water_bucket":1,"minecraft:iron_ingot":24,"minecraft:bread":203,"minecraft:oak_slab":6,"minecraft:wheat_seeds":9,"minecraft:mossy_cobblestone":25,"minecraft:dripstone_block":7,"minecraft:diamond_leggings":1,"minecraft:oak_fence":5,"minecraft:feather":29,"minecraft:cobblestone":43,"minecraft:apple":2,"minecraft:chainmail_helmet":1,"minecraft:stick":35,"minecraft:diorite":16,"minecraft:ink_sac":1,"minecraft:torch":56,"minecraft:wooden_axe":1,"minecraft:diamond_helmet":2,"minecraft:iron_leggings":7,"minecraft:oak_stairs":7,"minecraft:iron_axe":2,"minecraft:string":44,"minecraft:bucket":1,"minecraft:dandelion":3,"minecraft:cobblestone_wall":2,"minecraft:raw_copper":8,"minecraft:stone_shovel":2,"minecraft:light_gray_wool":4,"minecraft:iron_boots":1,"minecraft:stone":5,"minecraft:shield":2,"minecraft:flower_pot":2,"minecraft:diamond_chestplate":2,"hallucinatory_plants:datura_leaf":1,"minecraft:andesite":12,"minecraft:yellow_bed":3,"minecraft:pink_wool":1,"minecraft:oak_sapling":76,"minecraft:diamond_boots":1,"minecraft:stone_pickaxe":1,"minecraft:wooden_pickaxe":2},"minecraft:broken":{"minecraft:stone_pickaxe":6,"minecraft:stone_axe":16,"minecraft:iron_sword":1,"minecraft:wooden_axe":1,"minecraft:stone_shovel":4,"minecraft:flint_and_steel":3},"minecraft:mined":{"minecraft:white_bed":11,"minecraft:farmland":3,"minecraft:cobblestone_stairs":7,"minecraft:granite":11,"minecraft:acacia_log":60,"minecraft:grass_block":302,"minecraft:spawner":1,"minecraft:smooth_stone":17,"minecraft:tall_seagrass":1,"minecraft:iron_ore":36,"minecraft:cobbled_deepslate":5,"minecraft:fire":7,"minecraft:pumpkin":41,"minecraft:fletching_table":10,"minecraft:deepslate_lapis_ore":6,"minecraft:potted_dandelion":2,"minecraft:pointed_dripstone":6,"minecraft:dirt_path":31,"minecraft:oak_stairs":11,"minecraft:orange_bed":5,"minecraft:deepslate_redstone_ore":2,"minecraft:melon_stem":1,"minecraft:smoker":1,"minecraft:torch":9,"minecraft:blast_furnace":1,"minecraft:white_stained_glass_pane":4,"minecraft:cobblestone":337,"minecraft:grindstone":4,"minecraft:sugar_cane":295,"minecraft:oak_planks":69,"minecraft:wall_torch":22,"minecraft:acacia_sapling":1,"minecraft:birch_log":234,"minecraft:wheat":199,"minecraft:smooth_stone_slab":13,"minecraft:yellow_stained_glass_pane":5,"minecraft:grass":55,"minecraft:oak_log":1713,"minecraft:beetroots":25,"minecraft:sand":18,"minecraft:dirt":209,"minecraft:oak_leaves":317,"minecraft:deepslate":82,"minecraft:tuff":5,"minecraft:mossy_cobblestone":25,"minecraft:deepslate_diamond_ore":23,"minecraft:oak_door":7,"minecraft:dark_oak_log":18,"minecraft:glow_lichen":1,"minecraft:hay_block":29,"minecraft:furnace":6,"minecraft:andesite":22,"minecraft:deepslate_iron_ore":53,"minecraft:rail":4,"minecraft:stripped_oak_log":17,"minecraft:stone":284,"minecraft:white_wool":1,"minecraft:smithing_table":1,"minecraft:oak_slab":1,"minecraft:acacia_leaves":2,"minecraft:glass_pane":34,"minecraft:dandelion":1,"minecraft:oak_fence":11,"minecraft:crafting_table":27,"minecraft:cornflower":1,"minecraft:lectern":198,"minecraft:tall_grass":4,"minecraft:copper_ore":2,"minecraft:deepslate_coal_ore":2,"minecraft:diorite":34,"hallucinatory_plants:datura_plant":5,"minecraft:cobblestone_wall":2,"minecraft:spruce_log":14,"minecraft:birch_leaves":1,"minecraft:yellow_bed":6,"minecraft:coal_ore":104,"minecraft:gravel":160,"minecraft:dripstone_block":7,"minecraft:cobweb":79,"minecraft:acacia_planks":12,"minecraft:fern":1},"minecraft:used":{"minecraft:chest":8,"minecraft:shield":86,"minecraft:iron_sword":286,"minecraft:acacia_sapling":1,"minecraft:milk_bucket":1,"minecraft:furnace":9,"minecraft:beetroot_seeds":78,"minecraft:egg":3,"minecraft:oak_planks":126,"minecraft:stone_pickaxe":855,"minecraft:wooden_pickaxe":46,"minecraft:sugar_cane":149,"minecraft:white_wool":2,"minecraft:glow_berries":15,"minecraft:blast_furnace":1,"minecraft:pumpkin_seeds":4,"minecraft:bread":18,"minecraft:brown_wool":1,"minecraft:lectern":201,"minecraft:gravel":115,"minecraft:grindstone":2,"minecraft:smithing_table":2,"minecraft:smooth_stone_slab":24,"minecraft:oak_fence":3,"minecraft:stone_sword":61,"minecraft:acacia_log":9,"minecraft:flint_and_steel":192,"minecraft:stone_shovel":601,"minecraft:cooked_salmon":1,"minecraft:cooked_chicken":5,"minecraft:stone_hoe":213,"minecraft:orange_bed":5,"minecraft:torch":444,"minecraft:dirt":521,"minecraft:wooden_axe":83,"minecraft:iron_axe":879,"minecraft:melon_seeds":3,"minecraft:light_gray_wool":1,"minecraft:cooked_beef":4,"minecraft:acacia_planks":34,"minecraft:cobbled_deepslate":2,"minecraft:wheat_seeds":269,"minecraft:cooked_mutton":54,"minecraft:water_bucket":25,"minecraft:fletching_table":13,"minecraft:salmon":2,"minecraft:crafting_table":30,"minecraft:white_bed":27,"minecraft:oak_log":76,"minecraft:apple":1,"minecraft:iron_pickaxe":232,"hallucinatory_plants:datura_leaf":1,"minecraft:stone_axe":2067,"minecraft:cobblestone":133,"minecraft:cooked_porkchop":12,"minecraft:bucket":26,"minecraft:pumpkin_pie":3,"minecraft:yellow_bed":3,"minecraft:wither_rose":1,"minecraft:gray_wool":1},"minecraft:killed_by":{"minecraft:zombie":1,"minecraft:husk":1,"minecraft:player":1},"minecraft:custom":{"minecraft:interact_with_crafting_table":123,"minecraft:bell_ring":2,"minecraft:leave_game":14,"minecraft:time_since_death":209493,"minecraft:sprint_one_cm":1860109,"minecraft:damage_blocked_by_shield":3858,"minecraft:drop":274,"minecraft:talked_to_villager":320,"minecraft:play_time":760968,"minecraft:deaths":4,"minecraft:jump":5815,"minecraft:walk_on_water_one_cm":63112,"minecraft:interact_with_furnace":88,"minecraft:traded_with_villager":252,"minecraft:sleep_in_bed":50,"minecraft:damage_dealt":24347,"minecraft:player_kills":6,"minecraft:crouch_one_cm":21179,"minecraft:interact_with_smoker":6,"minecraft:mob_kills":166,"minecraft:climb_one_cm":902,"minecraft:walk_one_cm":1850548,"minecraft:sneak_time":9815,"minecraft:walk_under_water_one_cm":31759,"minecraft:interact_with_blast_furnace":1,"minecraft:total_world_time":760968,"minecraft:interact_with_grindstone":1,"minecraft:time_since_rest":6197,"minecraft:damage_taken":7576,"minecraft:swim_one_cm":55900,"minecraft:fly_one_cm":998874,"minecraft:open_chest":330,"minecraft:fall_one_cm":127483}},"DataVersion":3465}