{"stats":{"minecraft:used":{"minecraft:oak_fence":3,"minecraft:stone_sword":61,"minecraft:acacia_log":9,"minecraft:stone_shovel":178,"minecraft:chest":3,"minecraft:shield":52,"minecraft:iron_sword":104,"minecraft:cooked_salmon":1,"minecraft:cooked_chicken":5,"minecraft:torch":282,"minecraft:dirt":87,"minecraft:wooden_axe":83,"minecraft:light_gray_wool":1,"minecraft:furnace":8,"minecraft:egg":3,"minecraft:cooked_beef":4,"minecraft:acacia_planks":34,"minecraft:cooked_mutton":22,"minecraft:water_bucket":9,"minecraft:oak_planks":116,"minecraft:stone_pickaxe":254,"minecraft:wooden_pickaxe":46,"minecraft:sugar_cane":30,"minecraft:salmon":2,"minecraft:crafting_table":23,"minecraft:white_bed":7,"minecraft:oak_log":13,"minecraft:apple":1,"minecraft:iron_pickaxe":223,"minecraft:gravel":61,"minecraft:stone_axe":791,"minecraft:cobblestone":97,"minecraft:cooked_porkchop":7,"minecraft:bucket":10,"minecraft:yellow_bed":1,"minecraft:wither_rose":1,"minecraft:gray_wool":1},"minecraft:mined":{"minecraft:tuff":5,"minecraft:white_bed":6,"minecraft:mossy_cobblestone":5,"minecraft:deepslate_diamond_ore":17,"minecraft:cobblestone_stairs":1,"minecraft:dark_oak_log":18,"minecraft:glow_lichen":1,"minecraft:acacia_log":60,"minecraft:grass_block":85,"minecraft:hay_block":29,"minecraft:smooth_stone":1,"minecraft:furnace":6,"minecraft:iron_ore":33,"minecraft:andesite":3,"minecraft:deepslate_lapis_ore":6,"minecraft:pointed_dripstone":5,"minecraft:deepslate_iron_ore":53,"minecraft:rail":3,"minecraft:stone":136,"minecraft:deepslate_redstone_ore":2,"minecraft:acacia_leaves":2,"minecraft:glass_pane":6,"minecraft:smoker":1,"minecraft:oak_fence":7,"minecraft:crafting_table":20,"minecraft:torch":5,"minecraft:tall_grass":2,"minecraft:copper_ore":2,"minecraft:cobblestone":125,"minecraft:deepslate_coal_ore":2,"minecraft:sugar_cane":15,"minecraft:oak_planks":52,"minecraft:diorite":2,"minecraft:wall_torch":4,"minecraft:birch_log":6,"minecraft:spruce_log":14,"minecraft:yellow_bed":4,"minecraft:smooth_stone_slab":11,"minecraft:grass":35,"minecraft:oak_log":503,"minecraft:coal_ore":67,"minecraft:dripstone_block":7,"minecraft:gravel":74,"minecraft:sand":15,"minecraft:dirt":44,"minecraft:cobweb":23,"minecraft:acacia_planks":12,"minecraft:oak_leaves":38,"minecraft:deepslate":22},"minecraft:dropped":{"minecraft:iron_ingot":1,"minecraft:iron_sword":1,"minecraft:wheat_seeds":8,"minecraft:oak_log":5,"minecraft:mossy_cobblestone":5,"minecraft:dripstone_block":7,"minecraft:oak_fence":5,"minecraft:feather":10,"minecraft:rail":2,"minecraft:ink_sac":1,"minecraft:torch":56,"minecraft:cornflower":2,"minecraft:wooden_axe":1,"minecraft:sand":12,"minecraft:white_wool":1,"minecraft:bone":2,"minecraft:oak_door":2,"minecraft:sugar_cane":1,"minecraft:cobbled_deepslate":20,"minecraft:raw_copper":8,"minecraft:pointed_dripstone":2,"minecraft:rotten_flesh":8,"minecraft:light_gray_wool":4,"minecraft:iron_boots":1,"minecraft:enchanted_golden_apple":1,"minecraft:white_bed":2,"minecraft:poppy":2,"minecraft:shield":1,"minecraft:yellow_bed":3,"minecraft:oak_sapling":3,"minecraft:acacia_sapling":1,"minecraft:wooden_pickaxe":2,"minecraft:egg":2},"minecraft:broken":{"minecraft:stone_pickaxe":1,"minecraft:stone_axe":6,"minecraft:wooden_axe":1,"minecraft:stone_shovel":1},"minecraft:crafted":{"minecraft:oak_planks":256,"minecraft:stone_shovel":2,"minecraft:cooked_chicken":5,"minecraft:furnace":2,"minecraft:cooked_mutton":32,"minecraft:iron_boots":2,"minecraft:stone_pickaxe":3,"minecraft:chest":3,"minecraft:dark_oak_planks":72,"minecraft:cooked_beef":4,"minecraft:cooked_porkchop":16,"minecraft:crafting_table":4,"minecraft:spruce_planks":56,"minecraft:wooden_pickaxe":1,"minecraft:iron_helmet":1,"minecraft:iron_sword":1,"minecraft:bucket":1,"minecraft:stone_axe":7,"minecraft:air":0,"minecraft:iron_chestplate":1,"minecraft:shield":3,"minecraft:stick":156,"minecraft:iron_ingot":33,"minecraft:iron_pickaxe":1,"minecraft:wooden_axe":2,"minecraft:stone_sword":1,"minecraft:iron_leggings":1,"minecraft:white_bed":3,"minecraft:acacia_planks":176,"minecraft:torch":276},"minecraft:killed_by":{"minecraft:husk":1,"minecraft:player":1,"minecraft:zombie":1},"minecraft:killed":{"minecraft:spider":3,"minecraft:skeleton":7,"minecraft:chicken":5,"minecraft:pig":17,"minecraft:salmon":4,"minecraft:iron_golem":2,"minecraft:sheep":30,"minecraft:zombie":14,"apollyon:the_damned":2,"minecraft:cow":4,"minecraft:enderman":2},"minecraft:custom":{"minecraft:mob_kills":94,"minecraft:interact_with_crafting_table":54,"minecraft:leave_game":5,"minecraft:time_since_death":237034,"minecraft:climb_one_cm":800,"minecraft:sprint_one_cm":798914,"minecraft:walk_one_cm":634878,"minecraft:damage_blocked_by_shield":2365,"minecraft:drop":55,"minecraft:talked_to_villager":4,"minecraft:play_time":325883,"minecraft:deaths":3,"minecraft:sneak_time":6333,"minecraft:walk_under_water_one_cm":27267,"minecraft:jump":2446,"minecraft:walk_on_water_one_cm":42382,"minecraft:total_world_time":325883,"minecraft:interact_with_furnace":47,"minecraft:sleep_in_bed":11,"minecraft:time_since_rest":68285,"minecraft:damage_taken":5113,"minecraft:damage_dealt":14852,"minecraft:player_kills":4,"minecraft:swim_one_cm":43969,"minecraft:fly_one_cm":360754,"minecraft:open_chest":47,"minecraft:crouch_one_cm":12496,"minecraft:interact_with_smoker":6,"minecraft:fall_one_cm":51627},"minecraft:picked_up":{"minecraft:crafting_table":21,"minecraft:chicken":5,"minecraft:wooden_pickaxe":1,"minecraft:wither_rose":2,"minecraft:cornflower":2,"minecraft:string":34,"minecraft:raw_copper":8,"minecraft:cooked_salmon":2,"minecraft:smooth_stone_slab":22,"minecraft:cobbled_deepslate":30,"minecraft:smooth_stone":1,"minecraft:beef":4,"minecraft:poppy":2,"minecraft:light_gray_wool":5,"minecraft:enchanted_golden_apple":1,"minecraft:sugar_cane":31,"minecraft:furnace":7,"minecraft:egg":6,"minecraft:stick":6,"minecraft:raw_iron":86,"minecraft:oak_door":2,"minecraft:oak_fence":8,"minecraft:torch":17,"minecraft:acacia_log":58,"minecraft:porkchop":37,"minecraft:pointed_dripstone":8,"minecraft:redstone":9,"minecraft:stone_sword":1,"minecraft:arrow":8,"minecraft:rotten_flesh":11,"minecraft:hay_block":58,"minecraft:mutton":43,"minecraft:rail":5,"minecraft:white_wool":26,"minecraft:cobblestone":305,"minecraft:birch_log":6,"minecraft:feather":10,"minecraft:cooked_beef":4,"minecraft:andesite":3,"minecraft:salmon":3,"minecraft:leather":7,"minecraft:smoker":1,"minecraft:flint":9,"minecraft:tuff":3,"minecraft:oak_log":563,"minecraft:yellow_bed":4,"minecraft:cobblestone_stairs":1,"minecraft:lapis_lazuli":36,"minecraft:dirt":127,"minecraft:cooked_mutton":27,"minecraft:bone":3,"minecraft:acacia_planks":29,"minecraft:apple":1,"minecraft:wheat_seeds":9,"minecraft:stone_pickaxe":1,"minecraft:iron_ingot":61,"minecraft:cooked_chicken":1,"minecraft:iron_sword":1,"minecraft:acacia_sapling":1,"minecraft:oak_planks":277,"minecraft:cooked_porkchop":34,"minecraft:dripstone_block":7,"minecraft:gravel":61,"minecraft:sand":12,"minecraft:ink_sac":1,"minecraft:white_bed":9,"minecraft:spruce_log":14,"minecraft:dark_oak_log":18,"minecraft:mossy_cobblestone":5,"minecraft:diamond":17,"minecraft:gray_wool":1,"minecraft:oak_sapling":6,"minecraft:coal":92,"minecraft:ender_pearl":2}},"DataVersion":3465}