{
  "minecraft:recipes/food/cake": {
    "criteria": {
      "has_egg": "2024-06-24 16:55:31 +0000"
    },
    "done": true
  },
  "minecraft:recipes/decorations/crafting_table": {
    "criteria": {
      "unlock_right_away": "2024-06-24 16:55:19 +0000"
    },
    "done": true
  },
  "minecraft:adventure/adventuring_time": {
    "criteria": {
      "minecraft:beach": "2024-06-24 16:55:34 +0000",
      "minecraft:savanna": "2024-06-24 16:55:20 +0000"
    },
    "done": false
  },
  "nycto:nycto": {
    "criteria": {
      "trigger": "2024-06-24 16:55:19 +0000"
    },
    "done": true
  },
  "global:root": {
    "criteria": {
      "trigger": "2024-06-24 16:55:19 +0000"
    },
    "done": true
  },
  "global:hako": {
    "criteria": {
      "trigger": "2024-06-24 16:55:19 +0000"
    },
    "done": true
  },
  "DataVersion": 3465
}